x-axis,1,EXT,F1
second,Volt,,Volt
-9.00E-03,-1.29E-02,1,6.10E-06
-8.75E-03,-8.82E-02,1,6.10E-06
-8.50E-03,-1.29E-02,1,6.10E-06
-8.25E-03,-1.29E-02,1,6.10E-06
-8.00E-03,-5.31E-02,1,6.10E-06
-7.75E-03,-5.31E-02,1,6.10E-06
-7.50E-03,-5.31E-02,1,6.10E-06
-7.25E-03,-7.82E-02,1,6.10E-06
-7.00E-03,-4.80E-02,1,6.10E-06
-6.75E-03,-1.79E-02,1,6.10E-06
-6.50E-03,-2.79E-02,1,6.10E-06
-6.25E-03,-1.29E-02,1,6.10E-06
-6.00E-03,-1.29E-02,1,6.10E-06
-5.75E-03,-5.31E-02,1,6.10E-06
-5.50E-03,-1.29E-02,1,6.10E-06
-5.25E-03,-1.29E-02,1,6.10E-06
-5.00E-03,-1.29E-02,1,6.10E-06
-4.75E-03,-1.29E-02,1,6.10E-06
-4.50E-03,-1.29E-02,1,6.10E-06
-4.25E-03,-2.79E-02,1,6.10E-06
-4.00E-03,-4.80E-02,1,6.10E-06
-3.75E-03,-1.29E-02,1,6.10E-06
-3.50E-03,2.73E-02,1,6.10E-06
-3.25E-03,-1.29E-02,1,6.10E-06
-3.00E-03,-1.29E-02,1,6.10E-06
-2.75E-03,1.73E-02,1,6.10E-06
-2.50E-03,-1.29E-02,1,6.10E-06
-2.25E-03,-3.80E-02,1,6.10E-06
-2.00E-03,-1.29E-02,1,6.10E-06
-1.75E-03,-1.29E-02,1,6.10E-06
-1.50E-03,-1.29E-02,1,6.10E-06
-1.25E-03,-1.29E-02,1,6.10E-06
-1.00E-03,-4.80E-02,1,6.10E-06
-7.50E-04,-1.29E-02,1,6.10E-06
-5.00E-04,-2.79E-02,1,6.10E-06
-2.50E-04,2.21E-03,1,6.10E-06
0.00E+00,2.07E+00,1,6.10E-06
2.50E-04,-4.80E-02,1,6.10E-06
5.00E-04,-1.29E-02,1,6.10E-06
7.50E-04,5.25E-02,1,6.10E-06
1.00E-03,1.43E-01,1,6.10E-06
1.25E-03,1.13E-01,1,6.10E-06
1.50E-03,1.33E-01,1,6.10E-06
1.75E-03,1.24E+00,1,6.10E-06
2.00E-03,1.83E-01,1,6.10E-06
2.25E-03,1.83E-01,1,6.10E-06
2.50E-03,1.48E-01,1,6.10E-06
2.75E-03,1.48E-01,1,6.10E-06
3.00E-03,1.48E-01,1,6.10E-06
3.25E-03,1.53E-01,1,6.10E-06
3.50E-03,2.13E-01,1,6.10E-06
3.75E-03,1.48E-01,1,6.10E-06
4.00E-03,1.13E-01,1,6.10E-06
4.25E-03,1.83E-01,1,6.10E-06
4.50E-03,1.63E-01,1,6.10E-06
4.75E-03,2.03E-01,1,6.10E-06
5.00E-03,3.17E+00,1,6.10E-06
5.25E-03,3.19E+00,1,6.10E-06
5.50E-03,3.20E+00,1,6.10E-06
5.75E-03,4.90E-01,1,6.10E-06
6.00E-03,1.24E+00,1,6.10E-06
6.25E-03,3.20E+00,1,6.10E-06
6.50E-03,3.20E+00,1,6.10E-06
6.75E-03,3.22E+00,1,6.10E-06
7.00E-03,3.24E-02,1,6.10E-06
7.25E-03,3.27E+00,1,6.10E-06
7.50E-03,3.20E+00,1,6.10E-06
7.75E-03,3.20E+00,1,6.10E-06
8.00E-03,7.26E-02,1,6.10E-06
8.25E-03,3.20E+00,1,6.10E-06
8.50E-03,3.22E+00,1,6.10E-06
8.75E-03,3.18E+00,1,6.10E-06
9.00E-03,3.20E+00,1,6.10E-06
9.25E-03,1.48E-01,1,6.10E-06
9.50E-03,3.20E+00,1,6.10E-06
9.75E-03,3.22E+00,1,6.10E-06
1.00E-02,3.20E+00,1,6.10E-06
1.03E-02,6.75E-02,1,6.10E-06
1.05E-02,3.20E+00,1,6.10E-06
1.08E-02,3.20E+00,1,6.10E-06
1.10E-02,3.21E+00,1,6.10E-06
1.13E-02,3.24E+00,1,6.10E-06
1.15E-02,1.48E-01,1,6.10E-06
1.18E-02,3.22E+00,1,6.10E-06
1.20E-02,3.24E+00,1,6.10E-06
1.23E-02,3.21E+00,1,6.10E-06
1.25E-02,1.08E-01,1,6.10E-06
1.28E-02,3.22E+00,1,6.10E-06
1.30E-02,3.20E+00,1,6.10E-06
1.33E-02,3.24E+00,1,6.10E-06
1.35E-02,3.24E+00,1,6.10E-06
1.38E-02,8.26E-02,1,6.10E-06
1.40E-02,3.20E+00,1,6.10E-06
1.43E-02,3.20E+00,1,6.10E-06
1.45E-02,3.23E+00,1,6.10E-06
1.48E-02,1.23E-01,1,6.10E-06
1.50E-02,3.20E+00,1,6.10E-06
1.53E-02,3.24E+00,1,6.10E-06
1.55E-02,3.21E+00,1,6.10E-06
1.58E-02,3.20E+00,1,6.10E-06
1.60E-02,1.48E-01,1,6.10E-06
1.63E-02,3.24E+00,1,6.10E-06
1.65E-02,3.22E+00,1,6.10E-06
1.68E-02,3.23E+00,1,6.10E-06
1.70E-02,2.73E-02,1,6.10E-06
1.73E-02,3.20E+00,1,6.10E-06
1.75E-02,3.24E+00,1,6.10E-06
1.78E-02,3.22E+00,1,6.10E-06
1.80E-02,1.28E-01,1,6.10E-06
1.83E-02,3.17E+00,1,6.10E-06
1.85E-02,3.20E+00,1,6.10E-06
1.88E-02,3.24E+00,1,6.10E-06
1.90E-02,3.23E+00,1,6.10E-06
1.93E-02,3.74E-02,1,6.10E-06
1.95E-02,3.23E+00,1,6.10E-06
1.98E-02,3.22E+00,1,6.10E-06
2.00E-02,3.24E+00,1,6.10E-06
2.03E-02,1.13E-01,1,6.10E-06
2.05E-02,3.24E+00,1,6.10E-06
2.08E-02,3.20E+00,1,6.10E-06
2.10E-02,3.24E+00,1,6.10E-06
2.13E-02,3.24E+00,1,6.10E-06
2.15E-02,1.33E-01,1,6.10E-06
2.18E-02,3.24E+00,1,6.10E-06
2.20E-02,3.20E+00,1,6.10E-06
2.23E-02,3.24E+00,1,6.10E-06
2.25E-02,5.25E-02,1,6.10E-06
2.28E-02,3.24E+00,1,6.10E-06
2.30E-02,3.24E+00,1,6.10E-06
2.33E-02,3.21E+00,1,6.10E-06
2.35E-02,3.24E+00,1,6.10E-06
2.38E-02,6.75E-02,1,6.10E-06
2.40E-02,3.24E+00,1,6.10E-06
2.43E-02,3.24E+00,1,6.10E-06
2.45E-02,3.20E+00,1,6.10E-06
2.48E-02,2.73E-02,1,6.10E-06
2.50E-02,3.25E+00,1,6.10E-06
2.53E-02,3.20E+00,1,6.10E-06
2.55E-02,3.24E+00,1,6.10E-06
2.58E-02,3.19E+00,1,6.10E-06
2.60E-02,3.24E-02,1,6.10E-06
2.63E-02,3.20E+00,1,6.10E-06
2.65E-02,3.22E+00,1,6.10E-06
2.68E-02,3.23E+00,1,6.10E-06
2.70E-02,1.08E-01,1,6.10E-06
2.73E-02,3.24E+00,1,6.10E-06
2.75E-02,3.22E+00,1,6.10E-06
2.78E-02,3.20E+00,1,6.10E-06
2.80E-02,1.34E+00,1,6.10E-06
2.83E-02,3.13E+00,1,6.10E-06
2.85E-02,3.20E+00,1,6.10E-06
2.88E-02,3.22E+00,1,6.10E-06
2.90E-02,3.24E+00,1,6.10E-06
2.93E-02,6.75E-02,1,6.10E-06
2.95E-02,3.18E+00,1,6.10E-06
2.98E-02,3.22E+00,1,6.10E-06
3.00E-02,3.21E+00,1,6.10E-06
3.03E-02,6.25E-02,1,6.10E-06
3.05E-02,3.24E+00,1,6.10E-06
3.08E-02,3.20E+00,1,6.10E-06
3.10E-02,3.20E+00,1,6.10E-06
3.13E-02,3.20E+00,1,6.10E-06
3.15E-02,6.75E-02,1,6.10E-06
3.18E-02,3.18E+00,1,6.10E-06
3.20E-02,3.21E+00,1,6.10E-06
3.23E-02,3.24E+00,1,6.10E-06
3.25E-02,4.24E-02,1,6.10E-06
3.28E-02,3.20E+00,1,6.10E-06
3.30E-02,3.21E+00,1,6.10E-06
3.33E-02,3.20E+00,1,6.10E-06
3.35E-02,3.23E+00,1,6.10E-06
3.38E-02,4.24E-02,1,6.10E-06
3.40E-02,3.21E+00,1,6.10E-06
3.43E-02,3.20E+00,1,6.10E-06
3.45E-02,3.22E+00,1,6.10E-06
3.48E-02,6.75E-02,1,6.10E-06
3.50E-02,3.24E+00,1,6.10E-06
3.53E-02,3.24E+00,1,6.10E-06
3.55E-02,3.23E+00,1,6.10E-06
3.58E-02,3.19E+00,1,6.10E-06
3.60E-02,6.25E-02,1,6.10E-06
3.63E-02,3.20E+00,1,6.10E-06
3.65E-02,3.23E+00,1,6.10E-06
3.68E-02,3.20E+00,1,6.10E-06
3.70E-02,3.74E-02,1,6.10E-06
3.73E-02,3.24E+00,1,6.10E-06
3.75E-02,3.24E+00,1,6.10E-06
3.78E-02,3.18E+00,1,6.10E-06
3.80E-02,3.20E+00,1,6.10E-06
3.83E-02,3.20E+00,1,6.10E-06
3.85E-02,3.18E+00,1,6.10E-06
3.88E-02,3.20E+00,1,6.10E-06
3.90E-02,3.21E+00,1,6.10E-06
3.93E-02,2.23E-02,1,6.10E-06
3.95E-02,3.19E+00,1,6.10E-06
3.98E-02,3.23E+00,1,6.10E-06
4.00E-02,3.23E+00,1,6.10E-06
4.03E-02,6.25E-02,1,6.10E-06
4.05E-02,3.22E+00,1,6.10E-06
4.08E-02,3.24E+00,1,6.10E-06
4.10E-02,3.20E+00,1,6.10E-06
4.13E-02,3.17E+00,1,6.10E-06
4.15E-02,4.24E-02,1,6.10E-06
4.18E-02,3.23E+00,1,6.10E-06
4.20E-02,3.24E+00,1,6.10E-06
4.23E-02,3.21E+00,1,6.10E-06
4.25E-02,5.25E-02,1,6.10E-06
4.28E-02,3.20E+00,1,6.10E-06
4.30E-02,3.21E+00,1,6.10E-06
4.33E-02,3.21E+00,1,6.10E-06
4.35E-02,3.20E+00,1,6.10E-06
4.38E-02,2.73E-02,1,6.10E-06
4.40E-02,3.20E+00,1,6.10E-06
4.43E-02,3.20E+00,1,6.10E-06
4.45E-02,3.22E+00,1,6.10E-06
4.48E-02,2.73E-02,1,6.10E-06
4.50E-02,3.20E+00,1,6.10E-06
4.53E-02,3.20E+00,1,6.10E-06
4.55E-02,3.20E+00,1,6.10E-06
4.58E-02,3.20E+00,1,6.10E-06
4.60E-02,5.25E-01,1,6.10E-06
4.63E-02,3.21E+00,1,6.10E-06
4.65E-02,3.20E+00,1,6.10E-06
4.68E-02,3.23E+00,1,6.10E-06
4.70E-02,2.73E-02,1,6.10E-06
4.73E-02,3.20E+00,1,6.10E-06
4.75E-02,3.24E+00,1,6.10E-06
4.78E-02,3.23E+00,1,6.10E-06
4.80E-02,3.20E+00,1,6.10E-06
4.83E-02,3.20E+00,1,6.10E-06
4.85E-02,3.24E+00,1,6.10E-06
4.88E-02,3.20E+00,1,6.10E-06
4.90E-02,3.21E+00,1,6.10E-06
4.93E-02,-2.81E-03,1,6.10E-06
4.95E-02,3.20E+00,1,6.10E-06
4.98E-02,3.22E+00,1,6.10E-06
5.00E-02,3.21E+00,1,6.10E-06
5.03E-02,6.75E-02,1,6.10E-06
5.05E-02,3.24E+00,1,6.10E-06
5.08E-02,3.18E+00,1,6.10E-06
5.10E-02,3.24E+00,1,6.10E-06
5.13E-02,3.20E+00,1,6.10E-06
5.15E-02,2.73E-02,1,6.10E-06
5.18E-02,3.24E+00,1,6.10E-06
5.20E-02,3.21E+00,1,6.10E-06
5.23E-02,3.24E+00,1,6.10E-06
5.25E-02,2.73E-02,1,6.10E-06
5.28E-02,3.20E+00,1,6.10E-06
5.30E-02,3.21E+00,1,6.10E-06
5.33E-02,3.20E+00,1,6.10E-06
5.35E-02,3.23E+00,1,6.10E-06
5.38E-02,5.25E-02,1,6.10E-06
5.40E-02,3.24E+00,1,6.10E-06
5.43E-02,3.24E+00,1,6.10E-06
5.45E-02,3.20E+00,1,6.10E-06
5.48E-02,2.73E-02,1,6.10E-06
5.50E-02,3.20E+00,1,6.10E-06
5.53E-02,3.20E+00,1,6.10E-06
5.55E-02,3.20E+00,1,6.10E-06
5.58E-02,3.26E+00,1,6.10E-06
5.60E-02,3.22E+00,1,6.10E-06
5.63E-02,3.24E+00,1,6.10E-06
5.65E-02,3.20E+00,1,6.10E-06
5.68E-02,3.20E+00,1,6.10E-06
5.70E-02,2.73E-02,1,6.10E-06
5.73E-02,3.20E+00,1,6.10E-06
5.75E-02,3.20E+00,1,6.10E-06
5.78E-02,3.23E+00,1,6.10E-06
5.80E-02,3.20E+00,1,6.10E-06
5.83E-02,3.24E+00,1,6.10E-06
5.85E-02,3.22E+00,1,6.10E-06
5.88E-02,3.22E+00,1,6.10E-06
5.90E-02,3.20E+00,1,6.10E-06
5.93E-02,-1.29E-02,1,6.10E-06
5.95E-02,3.24E+00,1,6.10E-06
5.98E-02,3.24E+00,1,6.10E-06
6.00E-02,3.20E+00,1,6.10E-06
6.03E-02,9.77E-02,1,6.10E-06
6.05E-02,3.24E+00,1,6.10E-06
6.08E-02,3.24E+00,1,6.10E-06
6.10E-02,3.20E+00,1,6.10E-06
6.13E-02,3.17E+00,1,6.10E-06
6.15E-02,-1.29E-02,1,6.10E-06
6.18E-02,3.22E+00,1,6.10E-06
6.20E-02,3.21E+00,1,6.10E-06
6.23E-02,3.21E+00,1,6.10E-06
6.25E-02,-1.29E-02,1,6.10E-06
6.28E-02,3.23E+00,1,6.10E-06
6.30E-02,3.24E+00,1,6.10E-06
6.33E-02,3.20E+00,1,6.10E-06
6.35E-02,3.20E+00,1,6.10E-06
6.38E-02,1.87E+00,1,6.10E-06
6.40E-02,3.20E+00,1,6.10E-06
6.43E-02,3.20E+00,1,6.10E-06
6.45E-02,3.20E+00,1,6.10E-06
6.48E-02,1.23E-02,1,6.10E-06
6.50E-02,3.24E+00,1,6.10E-06
6.53E-02,3.20E+00,1,6.10E-06
6.55E-02,3.18E+00,1,6.10E-06
6.58E-02,3.20E+00,1,6.10E-06
6.60E-02,3.15E+00,1,6.10E-06
6.63E-02,2.23E-02,1,6.10E-06
6.65E-02,2.73E-02,1,6.10E-06
6.68E-02,1.23E-02,1,6.10E-06
6.70E-02,5.75E-02,1,6.10E-06
6.73E-02,2.73E-02,1,6.10E-06
6.75E-02,1.73E-02,1,6.10E-06
6.78E-02,5.25E-02,1,6.10E-06
6.80E-02,-1.29E-02,1,6.10E-06
6.83E-02,9.07E-01,1,6.10E-06
6.85E-02,5.25E-02,1,6.10E-06
6.88E-02,2.21E-03,1,6.10E-06
6.90E-02,2.23E-02,1,6.10E-06
6.93E-02,-7.84E-03,1,6.10E-06
6.95E-02,5.25E-02,1,6.10E-06
6.98E-02,2.73E-02,1,6.10E-06
7.00E-02,2.73E-02,1,6.10E-06
7.03E-02,2.73E-02,1,6.10E-06
7.05E-02,3.24E+00,1,6.10E-06
7.08E-02,3.24E+00,1,6.10E-06
7.10E-02,3.24E+00,1,6.10E-06
7.13E-02,3.25E+00,1,6.10E-06
7.15E-02,2.73E-02,1,6.10E-06
7.18E-02,3.20E+00,1,6.10E-06
7.20E-02,3.24E+00,1,6.10E-06
7.23E-02,3.20E+00,1,6.10E-06
7.25E-02,1.78E-01,1,6.10E-06
7.28E-02,3.24E+00,1,6.10E-06
7.30E-02,3.24E+00,1,6.10E-06
7.33E-02,3.21E+00,1,6.10E-06
7.35E-02,3.23E+00,1,6.10E-06
7.38E-02,1.23E-02,1,6.10E-06
7.40E-02,3.24E+00,1,6.10E-06
7.43E-02,3.20E+00,1,6.10E-06
7.45E-02,3.20E+00,1,6.10E-06
7.48E-02,-1.29E-02,1,6.10E-06
7.50E-02,3.20E+00,1,6.10E-06
7.53E-02,3.21E+00,1,6.10E-06
7.55E-02,3.21E+00,1,6.10E-06
7.58E-02,3.22E+00,1,6.10E-06
7.60E-02,3.20E+00,1,6.10E-06
7.63E-02,3.21E+00,1,6.10E-06
7.65E-02,3.23E+00,1,6.10E-06
7.68E-02,3.23E+00,1,6.10E-06
7.70E-02,2.23E-02,1,6.10E-06
7.73E-02,3.21E+00,1,6.10E-06
7.75E-02,3.24E+00,1,6.10E-06
7.78E-02,3.24E+00,1,6.10E-06
7.80E-02,3.20E+00,1,6.10E-06
7.83E-02,3.24E+00,1,6.10E-06
7.85E-02,3.23E+00,1,6.10E-06
7.88E-02,3.22E+00,1,6.10E-06
7.90E-02,3.24E+00,1,6.10E-06
7.93E-02,-1.29E-02,1,6.10E-06
7.95E-02,3.20E+00,1,6.10E-06
7.98E-02,3.23E+00,1,6.10E-06
8.00E-02,3.24E+00,1,6.10E-06
8.03E-02,3.21E+00,1,6.10E-06
8.05E-02,3.22E+00,1,6.10E-06
8.08E-02,3.24E+00,1,6.10E-06
8.10E-02,3.24E+00,1,6.10E-06
8.13E-02,3.24E+00,1,6.10E-06
8.15E-02,-1.29E-02,1,6.10E-06
8.18E-02,3.27E+00,1,6.10E-06
8.20E-02,3.20E+00,1,6.10E-06
8.23E-02,3.21E+00,1,6.10E-06
8.25E-02,3.54E-01,1,6.10E-06
8.28E-02,3.23E+00,1,6.10E-06
8.30E-02,3.24E+00,1,6.10E-06
8.33E-02,3.20E+00,1,6.10E-06
8.35E-02,3.22E+00,1,6.10E-06
8.38E-02,3.23E+00,1,6.10E-06
8.40E-02,3.20E+00,1,6.10E-06
8.43E-02,3.23E+00,1,6.10E-06
8.45E-02,3.23E+00,1,6.10E-06
8.48E-02,-3.80E-02,1,6.10E-06
8.50E-02,3.21E+00,1,6.10E-06
8.53E-02,3.20E+00,1,6.10E-06
8.55E-02,3.20E+00,1,6.10E-06
8.58E-02,3.20E+00,1,6.10E-06
8.60E-02,3.21E+00,1,6.10E-06
8.63E-02,3.20E+00,1,6.10E-06
8.65E-02,3.24E+00,1,6.10E-06
8.68E-02,3.23E+00,1,6.10E-06
8.70E-02,2.73E-02,1,6.10E-06
8.73E-02,3.20E+00,1,6.10E-06
8.75E-02,3.24E+00,1,6.10E-06
8.78E-02,3.20E+00,1,6.10E-06
8.80E-02,3.21E+00,1,6.10E-06
8.83E-02,3.24E+00,1,6.10E-06
8.85E-02,3.23E+00,1,6.10E-06
8.88E-02,3.22E+00,1,6.10E-06
8.90E-02,3.24E+00,1,6.10E-06
8.93E-02,-1.29E-02,1,6.10E-06
8.95E-02,3.22E+00,1,6.10E-06
8.98E-02,3.20E+00,1,6.10E-06
9.00E-02,3.24E+00,1,6.10E-06
9.03E-02,3.21E+00,1,6.10E-06
9.05E-02,3.23E+00,1,6.10E-06
9.08E-02,3.22E+00,1,6.10E-06
9.10E-02,3.24E+00,1,6.10E-06
9.13E-02,3.17E+00,1,6.10E-06
9.15E-02,3.22E+00,1,6.10E-06
9.18E-02,3.23E+00,1,6.10E-06
9.20E-02,3.20E+00,1,6.10E-06
9.23E-02,3.20E+00,1,6.10E-06
9.25E-02,1.23E-02,1,6.10E-06
9.28E-02,3.19E+00,1,6.10E-06
9.30E-02,3.24E+00,1,6.10E-06
9.33E-02,3.20E+00,1,6.10E-06
9.35E-02,3.23E+00,1,6.10E-06
9.38E-02,3.23E+00,1,6.10E-06
9.40E-02,3.24E+00,1,6.10E-06
9.43E-02,3.20E+00,1,6.10E-06
9.45E-02,3.23E+00,1,6.10E-06
9.48E-02,2.21E-03,1,6.10E-06
9.50E-02,3.24E+00,1,6.10E-06
9.53E-02,3.25E+00,1,6.10E-06
9.55E-02,3.23E+00,1,6.10E-06
9.58E-02,3.20E+00,1,6.10E-06
9.60E-02,3.24E+00,1,6.10E-06
9.63E-02,3.17E+00,1,6.10E-06
9.65E-02,3.20E+00,1,6.10E-06
9.68E-02,3.23E+00,1,6.10E-06
9.70E-02,-4.80E-02,1,6.10E-06
9.73E-02,3.24E+00,1,6.10E-06
9.75E-02,3.24E+00,1,6.10E-06
9.78E-02,3.20E+00,1,6.10E-06
9.80E-02,3.21E+00,1,6.10E-06
9.83E-02,3.20E+00,1,6.10E-06
9.85E-02,3.20E+00,1,6.10E-06
9.88E-02,3.22E+00,1,6.10E-06
9.90E-02,3.24E+00,1,6.10E-06
9.93E-02,3.21E+00,1,6.10E-06
9.95E-02,3.20E+00,1,6.10E-06
9.98E-02,3.19E+00,1,6.10E-06
1.00E-01,3.21E+00,1,6.10E-06
1.00E-01,3.01E+00,1,6.10E-06
1.01E-01,3.22E+00,1,6.10E-06
1.01E-01,3.21E+00,1,6.10E-06
1.01E-01,3.20E+00,1,6.10E-06
1.01E-01,3.20E+00,1,6.10E-06
1.02E-01,3.20E+00,1,6.10E-06
1.02E-01,3.24E+00,1,6.10E-06
1.02E-01,3.21E+00,1,6.10E-06
1.02E-01,3.21E+00,1,6.10E-06
1.03E-01,-3.80E-02,1,6.10E-06
1.03E-01,3.23E+00,1,6.10E-06
1.03E-01,3.24E+00,1,6.10E-06
1.03E-01,3.21E+00,1,6.10E-06
1.04E-01,3.22E+00,1,6.10E-06
1.04E-01,3.23E+00,1,6.10E-06
1.04E-01,3.20E+00,1,6.10E-06
1.04E-01,3.20E+00,1,6.10E-06
1.05E-01,3.20E+00,1,6.10E-06
1.05E-01,-2.79E-02,1,6.10E-06
1.05E-01,3.21E+00,1,6.10E-06
1.05E-01,3.24E+00,1,6.10E-06
1.06E-01,3.23E+00,1,6.10E-06
1.06E-01,3.23E+00,1,6.10E-06
1.06E-01,3.20E+00,1,6.10E-06
1.06E-01,3.24E+00,1,6.10E-06
1.07E-01,3.24E+00,1,6.10E-06
1.07E-01,3.22E+00,1,6.10E-06
1.07E-01,3.11E+00,1,6.10E-06
1.07E-01,3.20E+00,1,6.10E-06
1.08E-01,3.20E+00,1,6.10E-06
1.08E-01,3.23E+00,1,6.10E-06
1.08E-01,3.20E+00,1,6.10E-06
1.08E-01,3.20E+00,1,6.10E-06
1.09E-01,3.23E+00,1,6.10E-06
1.09E-01,3.23E+00,1,6.10E-06
1.09E-01,3.20E+00,1,6.10E-06
1.09E-01,3.21E+00,1,6.10E-06
1.10E-01,3.20E+00,1,6.10E-06
1.10E-01,3.23E+00,1,6.10E-06
1.10E-01,3.24E+00,1,6.10E-06
1.10E-01,2.91E+00,1,6.10E-06
1.11E-01,3.22E+00,1,6.10E-06
1.11E-01,3.20E+00,1,6.10E-06
1.11E-01,3.21E+00,1,6.10E-06
1.11E-01,3.21E+00,1,6.10E-06
1.12E-01,3.23E+00,1,6.10E-06
1.12E-01,3.20E+00,1,6.10E-06
1.12E-01,3.24E+00,1,6.10E-06
1.12E-01,3.20E+00,1,6.10E-06
1.13E-01,-2.79E-02,1,6.10E-06
1.13E-01,3.23E+00,1,6.10E-06
1.13E-01,3.20E+00,1,6.10E-06
1.13E-01,3.20E+00,1,6.10E-06
1.14E-01,3.20E+00,1,6.10E-06
1.14E-01,3.24E+00,1,6.10E-06
1.14E-01,3.24E+00,1,6.10E-06
1.14E-01,3.20E+00,1,6.10E-06
1.15E-01,3.18E+00,1,6.10E-06
1.15E-01,1.97E+00,1,6.10E-06
1.15E-01,3.20E+00,1,6.10E-06
1.15E-01,3.17E+00,1,6.10E-06
1.16E-01,3.20E+00,1,6.10E-06
1.16E-01,3.23E+00,1,6.10E-06
1.16E-01,3.17E+00,1,6.10E-06
1.16E-01,3.21E+00,1,6.10E-06
1.17E-01,3.20E+00,1,6.10E-06
1.17E-01,3.22E+00,1,6.10E-06
1.17E-01,3.20E+00,1,6.10E-06
1.17E-01,3.24E+00,1,6.10E-06
1.18E-01,3.18E+00,1,6.10E-06
1.18E-01,3.22E+00,1,6.10E-06
1.18E-01,3.24E+00,1,6.10E-06
1.18E-01,3.20E+00,1,6.10E-06
1.19E-01,3.20E+00,1,6.10E-06
1.19E-01,3.23E+00,1,6.10E-06
1.19E-01,3.17E+00,1,6.10E-06
1.19E-01,3.24E+00,1,6.10E-06
1.20E-01,3.23E+00,1,6.10E-06
1.20E-01,3.04E+00,1,6.10E-06
1.20E-01,3.24E+00,1,6.10E-06
1.20E-01,3.74E-01,1,6.10E-06
1.21E-01,3.21E+00,1,6.10E-06
1.21E-01,3.24E+00,1,6.10E-06
1.21E-01,3.21E+00,1,6.10E-06
1.21E-01,3.24E+00,1,6.10E-06
1.22E-01,3.23E+00,1,6.10E-06
1.22E-01,3.21E+00,1,6.10E-06
1.22E-01,3.24E+00,1,6.10E-06
1.22E-01,3.24E+00,1,6.10E-06
1.23E-01,1.63E+00,1,6.10E-06
1.23E-01,3.23E+00,1,6.10E-06
1.23E-01,3.21E+00,1,6.10E-06
1.23E-01,3.17E+00,1,6.10E-06
1.24E-01,3.24E+00,1,6.10E-06
1.24E-01,-1.29E-02,1,6.10E-06
1.24E-01,-7.84E-03,1,6.10E-06
1.24E-01,-4.80E-02,1,6.10E-06
1.25E-01,-1.29E-02,1,6.10E-06
1.25E-01,1.74E+00,1,6.10E-06
1.25E-01,-1.29E-02,1,6.10E-06
1.25E-01,-1.29E-02,1,6.10E-06
1.26E-01,-2.81E-03,1,6.10E-06
1.26E-01,-1.29E-02,1,6.10E-06
1.26E-01,-4.30E-02,1,6.10E-06
1.26E-01,2.73E-02,1,6.10E-06
1.27E-01,-1.29E-02,1,6.10E-06
1.27E-01,2.21E-03,1,6.10E-06
1.27E-01,-1.29E-02,1,6.10E-06
1.27E-01,2.23E-02,1,6.10E-06
1.28E-01,-1.29E-02,1,6.10E-06
1.28E-01,-1.29E-02,1,6.10E-06
1.28E-01,2.23E-02,1,6.10E-06
1.28E-01,-4.80E-02,1,6.10E-06
1.29E-01,1.23E-02,1,6.10E-06
1.29E-01,1.73E-02,1,6.10E-06
1.29E-01,2.84E-01,1,6.10E-06
1.29E-01,-7.84E-03,1,6.10E-06
1.30E-01,1.23E-02,1,6.10E-06
1.30E-01,1.23E-02,1,6.10E-06
1.30E-01,2.23E-02,1,6.10E-06
1.30E-01,3.84E-01,1,6.10E-06
1.31E-01,2.73E-02,1,6.10E-06
1.31E-01,1.23E-02,1,6.10E-06
1.31E-01,-7.84E-03,1,6.10E-06
1.31E-01,2.23E-02,1,6.10E-06
1.32E-01,2.21E-03,1,6.10E-06
1.32E-01,2.73E-02,1,6.10E-06
1.32E-01,-7.84E-03,1,6.10E-06
1.32E-01,-1.29E-02,1,6.10E-06
1.33E-01,3.27E+00,1,6.10E-06
1.33E-01,1.23E-02,1,6.10E-06
1.33E-01,-1.29E-02,1,6.10E-06
1.33E-01,-7.84E-03,1,6.10E-06
1.34E-01,-1.29E-02,1,6.10E-06
1.34E-01,-1.29E-02,1,6.10E-06
1.34E-01,-7.84E-03,1,6.10E-06
1.34E-01,-4.30E-02,1,6.10E-06
1.35E-01,-1.29E-02,1,6.10E-06
1.35E-01,4.19E-01,1,6.10E-06
1.35E-01,2.73E-02,1,6.10E-06
1.35E-01,2.23E-02,1,6.10E-06
1.36E-01,1.23E-02,1,6.10E-06
1.36E-01,-1.29E-02,1,6.10E-06
1.36E-01,2.23E-02,1,6.10E-06
1.36E-01,-1.29E-02,1,6.10E-06
1.37E-01,2.21E-03,1,6.10E-06
1.37E-01,2.21E-03,1,6.10E-06
1.37E-01,2.23E-02,1,6.10E-06
1.37E-01,-1.29E-02,1,6.10E-06
1.38E-01,1.23E-02,1,6.10E-06
1.38E-01,-1.29E-02,1,6.10E-06
1.38E-01,-1.29E-02,1,6.10E-06
1.38E-01,2.23E-02,1,6.10E-06
1.39E-01,-1.29E-02,1,6.10E-06
1.39E-01,1.23E-02,1,6.10E-06
1.39E-01,2.23E-02,1,6.10E-06
1.39E-01,2.23E-02,1,6.10E-06
1.40E-01,1.23E-02,1,6.10E-06
1.40E-01,2.73E-02,1,6.10E-06
1.40E-01,2.73E-02,1,6.10E-06
1.40E-01,3.25E+00,1,6.10E-06
1.41E-01,-1.29E-02,1,6.10E-06
1.41E-01,1.23E-02,1,6.10E-06
1.41E-01,-1.29E-02,1,6.10E-06
1.41E-01,2.23E-02,1,6.10E-06
1.42E-01,1.23E-02,1,6.10E-06
1.42E-01,-1.29E-02,1,6.10E-06
1.42E-01,-7.84E-03,1,6.10E-06
1.42E-01,-1.29E-02,1,6.10E-06
1.43E-01,3.24E+00,1,6.10E-06
1.43E-01,-1.29E-02,1,6.10E-06
1.43E-01,-1.79E-02,1,6.10E-06
1.43E-01,2.73E-02,1,6.10E-06
1.44E-01,1.23E-02,1,6.10E-06
1.44E-01,2.21E-03,1,6.10E-06
1.44E-01,2.73E-02,1,6.10E-06
1.44E-01,2.73E-02,1,6.10E-06
1.45E-01,2.73E-02,1,6.10E-06
1.45E-01,-2.29E-02,1,6.10E-06
1.45E-01,2.73E-02,1,6.10E-06
1.45E-01,2.23E-02,1,6.10E-06
1.46E-01,1.23E-02,1,6.10E-06
1.46E-01,9.32E-01,1,6.10E-06
1.46E-01,2.23E-02,1,6.10E-06
1.46E-01,-1.29E-02,1,6.10E-06
1.47E-01,2.21E-03,1,6.10E-06
1.47E-01,2.21E-03,1,6.10E-06
1.47E-01,-7.84E-03,1,6.10E-06
1.47E-01,-1.29E-02,1,6.10E-06
1.48E-01,2.21E-03,1,6.10E-06
1.48E-01,2.73E-02,1,6.10E-06
1.48E-01,3.24E+00,1,6.10E-06
1.48E-01,-1.79E-02,1,6.10E-06
1.49E-01,1.23E-02,1,6.10E-06
1.49E-01,1.73E-02,1,6.10E-06
1.49E-01,-1.29E-02,1,6.10E-06
1.49E-01,2.23E-02,1,6.10E-06
1.50E-01,-1.29E-02,1,6.10E-06
1.50E-01,1.23E-02,1,6.10E-06
1.50E-01,-1.29E-02,1,6.10E-06
1.50E-01,3.28E+00,1,6.10E-06
1.51E-01,2.21E-03,1,6.10E-06
1.51E-01,1.23E-02,1,6.10E-06
1.51E-01,2.23E-02,1,6.10E-06
1.51E-01,2.23E-02,1,6.10E-06
1.52E-01,-3.80E-02,1,6.10E-06
1.52E-01,-1.29E-02,1,6.10E-06
1.52E-01,-1.29E-02,1,6.10E-06
1.52E-01,2.73E-02,1,6.10E-06
1.53E-01,3.23E+00,1,6.10E-06
1.53E-01,-2.81E-03,1,6.10E-06
1.53E-01,2.73E-02,1,6.10E-06
1.53E-01,-1.29E-02,1,6.10E-06
1.54E-01,1.23E-02,1,6.10E-06
1.54E-01,2.21E-03,1,6.10E-06
1.54E-01,2.73E-02,1,6.10E-06
1.54E-01,-1.29E-02,1,6.10E-06
1.55E-01,-1.29E-02,1,6.10E-06
1.55E-01,1.23E-02,1,6.10E-06
1.55E-01,-1.29E-02,1,6.10E-06
1.55E-01,-1.29E-02,1,6.10E-06
1.56E-01,2.21E-03,1,6.10E-06
1.56E-01,3.24E+00,1,6.10E-06
1.56E-01,-1.29E-02,1,6.10E-06
1.56E-01,2.73E-02,1,6.10E-06
1.57E-01,-1.29E-02,1,6.10E-06
1.57E-01,2.73E-02,1,6.10E-06
1.57E-01,2.23E-02,1,6.10E-06
1.57E-01,1.33E-01,1,6.10E-06
1.58E-01,-1.29E-02,1,6.10E-06
1.58E-01,2.73E-02,1,6.10E-06
1.58E-01,3.21E+00,1,6.10E-06
1.58E-01,2.23E-02,1,6.10E-06
1.59E-01,2.73E-02,1,6.10E-06
1.59E-01,-1.29E-02,1,6.10E-06
1.59E-01,2.23E-02,1,6.10E-06
1.59E-01,-1.29E-02,1,6.10E-06
1.60E-01,1.23E-02,1,6.10E-06
1.60E-01,2.73E-02,1,6.10E-06
1.60E-01,2.23E-02,1,6.10E-06
1.60E-01,3.24E+00,1,6.10E-06
1.61E-01,1.23E-02,1,6.10E-06
1.61E-01,-1.29E-02,1,6.10E-06
1.61E-01,-1.29E-02,1,6.10E-06
1.61E-01,-1.29E-02,1,6.10E-06
1.62E-01,-1.29E-02,1,6.10E-06
1.62E-01,-1.29E-02,1,6.10E-06
1.62E-01,-4.80E-02,1,6.10E-06
1.62E-01,-1.29E-02,1,6.10E-06
1.63E-01,2.20E+00,1,6.10E-06
1.63E-01,-1.29E-02,1,6.10E-06
1.63E-01,-1.29E-02,1,6.10E-06
1.63E-01,-7.84E-03,1,6.10E-06
1.64E-01,3.23E+00,1,6.10E-06
1.64E-01,2.73E-02,1,6.10E-06
1.64E-01,2.23E-02,1,6.10E-06
1.64E-01,2.23E-02,1,6.10E-06
1.65E-01,5.70E-01,1,6.10E-06
1.65E-01,-5.31E-02,1,6.10E-06
1.65E-01,2.73E-02,1,6.10E-06
1.65E-01,-4.30E-02,1,6.10E-06
1.66E-01,1.23E-02,1,6.10E-06
1.66E-01,3.24E+00,1,6.10E-06
1.66E-01,-4.30E-02,1,6.10E-06
1.66E-01,-1.29E-02,1,6.10E-06
1.67E-01,-1.29E-02,1,6.10E-06
1.67E-01,2.21E-03,1,6.10E-06
1.67E-01,2.23E-02,1,6.10E-06
1.67E-01,-7.84E-03,1,6.10E-06
1.68E-01,2.21E-03,1,6.10E-06
1.68E-01,2.73E-02,1,6.10E-06
1.68E-01,3.20E+00,1,6.10E-06
1.68E-01,-7.84E-03,1,6.10E-06
1.69E-01,2.21E-03,1,6.10E-06
1.69E-01,-2.81E-03,1,6.10E-06
1.69E-01,-1.29E-02,1,6.10E-06
1.69E-01,-1.29E-02,1,6.10E-06
1.70E-01,2.21E-03,1,6.10E-06
1.70E-01,-1.29E-02,1,6.10E-06
1.70E-01,2.73E-02,1,6.10E-06
1.70E-01,3.21E+00,1,6.10E-06
1.71E-01,-1.29E-02,1,6.10E-06
1.71E-01,2.21E-03,1,6.10E-06
1.71E-01,2.73E-02,1,6.10E-06
1.71E-01,3.24E+00,1,6.10E-06
1.72E-01,2.73E-02,1,6.10E-06
1.72E-01,-5.31E-02,1,6.10E-06
1.72E-01,-7.84E-03,1,6.10E-06
1.72E-01,-1.29E-02,1,6.10E-06
1.73E-01,5.25E-02,1,6.10E-06
1.73E-01,1.23E-02,1,6.10E-06
1.73E-01,-7.84E-03,1,6.10E-06
1.73E-01,-1.29E-02,1,6.10E-06
1.74E-01,3.28E+00,1,6.10E-06
1.74E-01,-2.81E-03,1,6.10E-06
1.74E-01,-1.29E-02,1,6.10E-06
1.74E-01,2.23E-02,1,6.10E-06
1.75E-01,-3.80E-02,1,6.10E-06
1.75E-01,-1.29E-02,1,6.10E-06
1.75E-01,-2.81E-03,1,6.10E-06
1.75E-01,-1.29E-02,1,6.10E-06
1.76E-01,-1.29E-02,1,6.10E-06
1.76E-01,3.24E+00,1,6.10E-06
1.76E-01,2.23E-02,1,6.10E-06
1.76E-01,-7.84E-03,1,6.10E-06
1.77E-01,2.21E-03,1,6.10E-06
1.77E-01,-1.29E-02,1,6.10E-06
1.77E-01,-1.29E-02,1,6.10E-06
1.77E-01,-1.29E-02,1,6.10E-06
1.78E-01,-1.29E-02,1,6.10E-06
1.78E-01,2.73E-02,1,6.10E-06
1.78E-01,3.20E+00,1,6.10E-06
1.78E-01,2.23E-02,1,6.10E-06
1.79E-01,-1.29E-02,1,6.10E-06
1.79E-01,2.73E-02,1,6.10E-06
1.79E-01,3.24E+00,1,6.10E-06
1.79E-01,-1.29E-02,1,6.10E-06
1.80E-01,2.21E-03,1,6.10E-06
1.80E-01,2.73E-02,1,6.10E-06
1.80E-01,2.73E-02,1,6.10E-06
1.80E-01,3.27E+00,1,6.10E-06
1.81E-01,-1.29E-02,1,6.10E-06
1.81E-01,1.23E-02,1,6.10E-06
1.81E-01,2.23E-02,1,6.10E-06
1.81E-01,3.21E+00,1,6.10E-06
1.82E-01,-1.29E-02,1,6.10E-06
1.82E-01,2.21E-03,1,6.10E-06
1.82E-01,-1.29E-02,1,6.10E-06
1.82E-01,-1.29E-02,1,6.10E-06
1.83E-01,-3.80E-02,1,6.10E-06
1.83E-01,-3.80E-02,1,6.10E-06
1.83E-01,-1.29E-02,1,6.10E-06
1.83E-01,2.73E-02,1,6.10E-06
1.84E-01,3.22E+00,1,6.10E-06
1.84E-01,2.21E-03,1,6.10E-06
1.84E-01,-7.84E-03,1,6.10E-06
1.84E-01,-1.29E-02,1,6.10E-06
1.85E-01,1.23E-02,1,6.10E-06
1.85E-01,1.23E-02,1,6.10E-06
1.85E-01,2.23E-02,1,6.10E-06
1.85E-01,-1.29E-02,1,6.10E-06
1.86E-01,1.23E-02,1,6.10E-06
1.86E-01,3.22E+00,1,6.10E-06
1.86E-01,-7.84E-03,1,6.10E-06
1.86E-01,2.73E-02,1,6.10E-06
1.87E-01,2.73E-02,1,6.10E-06
1.87E-01,3.24E+00,1,6.10E-06
1.87E-01,-7.84E-03,1,6.10E-06
1.87E-01,-1.29E-02,1,6.10E-06
1.88E-01,-2.79E-02,1,6.10E-06
1.88E-01,2.73E-02,1,6.10E-06
1.88E-01,3.24E+00,1,6.10E-06
1.88E-01,-1.29E-02,1,6.10E-06
1.89E-01,2.21E-03,1,6.10E-06
1.89E-01,6.25E-02,1,6.10E-06
1.89E-01,3.24E+00,1,6.10E-06
1.89E-01,-7.84E-03,1,6.10E-06
1.90E-01,2.21E-03,1,6.10E-06
1.90E-01,-1.29E-02,1,6.10E-06
1.90E-01,2.73E-02,1,6.10E-06
1.90E-01,2.88E+00,1,6.10E-06
1.91E-01,2.73E-02,1,6.10E-06
1.91E-01,9.17E-01,1,6.10E-06
1.91E-01,2.73E-02,1,6.10E-06
1.91E-01,3.24E+00,1,6.10E-06
1.92E-01,-1.29E-02,1,6.10E-06
1.92E-01,2.21E-03,1,6.10E-06
1.92E-01,2.73E-02,1,6.10E-06
1.92E-01,2.73E-02,1,6.10E-06
1.93E-01,4.24E-02,1,6.10E-06
1.93E-01,-3.80E-02,1,6.10E-06
1.93E-01,-4.80E-02,1,6.10E-06
1.93E-01,-7.84E-03,1,6.10E-06
1.94E-01,3.20E+00,1,6.10E-06
1.94E-01,2.73E-02,1,6.10E-06
1.94E-01,-7.84E-03,1,6.10E-06
1.94E-01,-7.84E-03,1,6.10E-06
1.95E-01,3.24E+00,1,6.10E-06
1.95E-01,1.23E-02,1,6.10E-06
1.95E-01,2.73E-02,1,6.10E-06
1.95E-01,-7.84E-03,1,6.10E-06
1.96E-01,1.23E-02,1,6.10E-06
1.96E-01,3.22E+00,1,6.10E-06
1.96E-01,-7.84E-03,1,6.10E-06
1.96E-01,-1.29E-02,1,6.10E-06
1.97E-01,-1.29E-02,1,6.10E-06
1.97E-01,3.24E+00,1,6.10E-06
1.97E-01,-1.29E-02,1,6.10E-06
1.97E-01,2.73E-02,1,6.10E-06
1.98E-01,-3.80E-02,1,6.10E-06
1.98E-01,2.21E-03,1,6.10E-06
1.98E-01,3.21E+00,1,6.10E-06
1.98E-01,-1.29E-02,1,6.10E-06
1.99E-01,1.23E-02,1,6.10E-06
1.99E-01,-1.29E-02,1,6.10E-06
1.99E-01,3.24E+00,1,6.10E-06
1.99E-01,-7.84E-03,1,6.10E-06
2.00E-01,-2.79E-02,1,6.10E-06
2.00E-01,2.73E-02,1,6.10E-06
2.00E-01,-1.29E-02,1,6.10E-06
2.00E-01,7.31E-01,1,6.10E-06
2.01E-01,-2.79E-02,1,6.10E-06
2.01E-01,1.23E-02,1,6.10E-06
2.01E-01,-1.79E-02,1,6.10E-06
2.01E-01,3.24E+00,1,6.10E-06
2.02E-01,2.21E-03,1,6.10E-06
2.02E-01,-2.81E-03,1,6.10E-06
2.02E-01,-7.84E-03,1,6.10E-06
2.02E-01,3.25E+00,1,6.10E-06
2.03E-01,-3.80E-02,1,6.10E-06
2.03E-01,-1.29E-02,1,6.10E-06
2.03E-01,2.73E-02,1,6.10E-06
2.03E-01,2.23E-02,1,6.10E-06
2.04E-01,3.22E+00,1,6.10E-06
2.04E-01,-1.29E-02,1,6.10E-06
2.04E-01,-1.29E-02,1,6.10E-06
2.04E-01,-7.84E-03,1,6.10E-06
2.05E-01,3.23E+00,1,6.10E-06
2.05E-01,-1.29E-02,1,6.10E-06
2.05E-01,-1.79E-02,1,6.10E-06
2.05E-01,-7.84E-03,1,6.10E-06
2.06E-01,2.21E-03,1,6.10E-06
2.06E-01,3.23E+00,1,6.10E-06
2.06E-01,2.23E-02,1,6.10E-06
2.06E-01,2.73E-02,1,6.10E-06
2.07E-01,-2.81E-03,1,6.10E-06
2.07E-01,3.24E+00,1,6.10E-06
2.07E-01,2.73E-02,1,6.10E-06
2.07E-01,-1.29E-02,1,6.10E-06
2.08E-01,2.21E-03,1,6.10E-06
2.08E-01,-1.29E-02,1,6.10E-06
2.08E-01,3.21E+00,1,6.10E-06
2.08E-01,2.73E-02,1,6.10E-06
2.09E-01,3.24E-02,1,6.10E-06
2.09E-01,1.23E-02,1,6.10E-06
2.09E-01,3.24E+00,1,6.10E-06
2.09E-01,-1.29E-02,1,6.10E-06
2.10E-01,1.23E-02,1,6.10E-06
2.10E-01,2.21E-03,1,6.10E-06
2.10E-01,3.24E+00,1,6.10E-06
2.10E-01,5.75E-02,1,6.10E-06
2.11E-01,1.83E-01,1,6.10E-06
2.11E-01,-1.29E-02,1,6.10E-06
2.11E-01,2.73E-02,1,6.10E-06
2.11E-01,3.24E+00,1,6.10E-06
2.12E-01,1.23E-02,1,6.10E-06
2.12E-01,2.21E-03,1,6.10E-06
2.12E-01,-1.29E-02,1,6.10E-06
2.12E-01,3.24E+00,1,6.10E-06
2.13E-01,-1.29E-02,1,6.10E-06
2.13E-01,1.23E-02,1,6.10E-06
2.13E-01,-1.29E-02,1,6.10E-06
2.13E-01,-1.29E-02,1,6.10E-06
2.14E-01,3.25E+00,1,6.10E-06
2.14E-01,-1.29E-02,1,6.10E-06
2.14E-01,-1.29E-02,1,6.10E-06
2.14E-01,-1.29E-02,1,6.10E-06
2.15E-01,3.22E+00,1,6.10E-06
2.15E-01,-1.29E-02,1,6.10E-06
2.15E-01,-1.29E-02,1,6.10E-06
2.15E-01,-1.29E-02,1,6.10E-06
2.16E-01,-1.29E-02,1,6.10E-06
2.16E-01,3.24E+00,1,6.10E-06
2.16E-01,-1.29E-02,1,6.10E-06
2.16E-01,-1.29E-02,1,6.10E-06
2.17E-01,-1.29E-02,1,6.10E-06
2.17E-01,3.23E+00,1,6.10E-06
2.17E-01,-7.84E-03,1,6.10E-06
2.17E-01,-1.29E-02,1,6.10E-06
2.18E-01,-1.29E-02,1,6.10E-06
2.18E-01,3.20E+00,1,6.10E-06
2.18E-01,3.25E+00,1,6.10E-06
2.18E-01,2.23E-02,1,6.10E-06
2.19E-01,-1.29E-02,1,6.10E-06
2.19E-01,-1.29E-02,1,6.10E-06
2.19E-01,3.24E+00,1,6.10E-06
2.19E-01,-1.29E-02,1,6.10E-06
2.20E-01,-1.29E-02,1,6.10E-06
2.20E-01,2.54E+00,1,6.10E-06
2.20E-01,3.21E+00,1,6.10E-06
2.20E-01,-1.29E-02,1,6.10E-06
2.21E-01,1.23E-02,1,6.10E-06
2.21E-01,-1.29E-02,1,6.10E-06
2.21E-01,-1.29E-02,1,6.10E-06
2.21E-01,3.24E+00,1,6.10E-06
2.22E-01,-2.81E-03,1,6.10E-06
2.22E-01,2.21E-03,1,6.10E-06
2.22E-01,-1.29E-02,1,6.10E-06
2.22E-01,3.20E+00,1,6.10E-06
2.23E-01,-3.80E-02,1,6.10E-06
2.23E-01,2.21E-03,1,6.10E-06
2.23E-01,2.23E-02,1,6.10E-06
2.23E-01,-1.29E-02,1,6.10E-06
2.24E-01,3.27E+00,1,6.10E-06
2.24E-01,1.23E-02,1,6.10E-06
2.24E-01,-1.29E-02,1,6.10E-06
2.24E-01,-7.84E-03,1,6.10E-06
2.25E-01,3.24E+00,1,6.10E-06
2.25E-01,1.23E-02,1,6.10E-06
2.25E-01,-4.80E-02,1,6.10E-06
2.25E-01,-7.84E-03,1,6.10E-06
2.26E-01,3.22E+00,1,6.10E-06
2.26E-01,3.23E+00,1,6.10E-06
2.26E-01,-1.29E-02,1,6.10E-06
2.26E-01,2.23E-02,1,6.10E-06
2.27E-01,-2.79E-02,1,6.10E-06
2.27E-01,3.24E+00,1,6.10E-06
2.27E-01,-7.84E-03,1,6.10E-06
2.27E-01,-4.30E-02,1,6.10E-06
2.28E-01,-1.29E-02,1,6.10E-06
2.28E-01,3.24E+00,1,6.10E-06
2.28E-01,8.82E-01,1,6.10E-06
2.28E-01,-1.29E-02,1,6.10E-06
2.29E-01,2.21E-03,1,6.10E-06
2.29E-01,-1.29E-02,1,6.10E-06
2.29E-01,3.24E+00,1,6.10E-06
2.29E-01,-1.29E-02,1,6.10E-06
2.30E-01,-1.29E-02,1,6.10E-06
2.30E-01,2.73E-02,1,6.10E-06
2.30E-01,3.24E+00,1,6.10E-06
2.30E-01,2.23E-02,1,6.10E-06
2.31E-01,2.21E-03,1,6.10E-06
2.31E-01,2.21E-03,1,6.10E-06
2.31E-01,-1.29E-02,1,6.10E-06
2.31E-01,3.17E+00,1,6.10E-06
2.32E-01,2.21E-03,1,6.10E-06
2.32E-01,2.21E-03,1,6.10E-06
2.32E-01,-1.29E-02,1,6.10E-06
2.32E-01,3.21E+00,1,6.10E-06
2.33E-01,2.21E-03,1,6.10E-06
2.33E-01,2.21E-03,1,6.10E-06
2.33E-01,-1.79E-02,1,6.10E-06
2.33E-01,3.24E+00,1,6.10E-06
2.34E-01,3.24E+00,1,6.10E-06
2.34E-01,1.23E-02,1,6.10E-06
2.34E-01,2.23E-02,1,6.10E-06
2.34E-01,-4.80E-02,1,6.10E-06
2.35E-01,3.20E+00,1,6.10E-06
2.35E-01,-1.29E-02,1,6.10E-06
2.35E-01,-7.84E-03,1,6.10E-06
2.35E-01,-4.80E-02,1,6.10E-06
2.36E-01,3.22E+00,1,6.10E-06
2.36E-01,3.22E+00,1,6.10E-06
2.36E-01,-7.84E-03,1,6.10E-06
2.36E-01,-1.29E-02,1,6.10E-06
2.37E-01,-1.29E-02,1,6.10E-06
2.37E-01,3.25E+00,1,6.10E-06
2.37E-01,-1.29E-02,1,6.10E-06
2.37E-01,2.23E-02,1,6.10E-06
2.38E-01,6.20E-01,1,6.10E-06
2.38E-01,3.23E+00,1,6.10E-06
2.38E-01,1.13E-01,1,6.10E-06
2.38E-01,-7.84E-03,1,6.10E-06
2.39E-01,2.21E-03,1,6.10E-06
2.39E-01,-1.29E-02,1,6.10E-06
2.39E-01,3.24E+00,1,6.10E-06
2.39E-01,2.23E-02,1,6.10E-06
2.40E-01,1.98E-01,1,6.10E-06
2.40E-01,-1.29E-02,1,6.10E-06
2.40E-01,3.24E+00,1,6.10E-06
2.40E-01,-1.29E-02,1,6.10E-06
2.41E-01,-1.29E-02,1,6.10E-06
2.41E-01,1.23E-02,1,6.10E-06
2.41E-01,3.21E+00,1,6.10E-06
2.41E-01,3.24E+00,1,6.10E-06
2.42E-01,-1.29E-02,1,6.10E-06
2.42E-01,-2.81E-03,1,6.10E-06
2.42E-01,6.25E-02,1,6.10E-06
2.42E-01,3.21E+00,1,6.10E-06
2.43E-01,2.73E-02,1,6.10E-06
2.43E-01,-3.80E-02,1,6.10E-06
2.43E-01,-7.84E-03,1,6.10E-06
2.43E-01,3.21E+00,1,6.10E-06
2.44E-01,3.23E+00,1,6.10E-06
2.44E-01,-1.29E-02,1,6.10E-06
2.44E-01,-7.84E-03,1,6.10E-06
2.44E-01,-1.29E-02,1,6.10E-06
2.45E-01,3.19E+00,1,6.10E-06
2.45E-01,-1.29E-02,1,6.10E-06
2.45E-01,-1.29E-02,1,6.10E-06
2.45E-01,-1.29E-02,1,6.10E-06
2.46E-01,3.22E+00,1,6.10E-06
2.46E-01,3.24E+00,1,6.10E-06
2.46E-01,2.23E-02,1,6.10E-06
2.46E-01,-7.84E-03,1,6.10E-06
2.47E-01,-1.29E-02,1,6.10E-06
2.47E-01,3.24E+00,1,6.10E-06
2.47E-01,2.23E-02,1,6.10E-06
2.47E-01,-7.84E-03,1,6.10E-06
2.48E-01,-1.29E-02,1,6.10E-06
2.48E-01,3.22E+00,1,6.10E-06
2.48E-01,7.24E-03,1,6.10E-06
2.48E-01,-1.29E-02,1,6.10E-06
2.49E-01,-1.29E-02,1,6.10E-06
2.49E-01,3.25E+00,1,6.10E-06
2.49E-01,3.24E+00,1,6.10E-06
2.49E-01,-7.84E-03,1,6.10E-06
2.50E-01,-1.29E-02,1,6.10E-06
2.50E-01,5.25E-02,1,6.10E-06
2.50E-01,3.24E+00,1,6.10E-06
2.50E-01,2.23E-02,1,6.10E-06
2.51E-01,-1.29E-02,1,6.10E-06
2.51E-01,-1.29E-02,1,6.10E-06
2.51E-01,3.24E+00,1,6.10E-06
2.51E-01,3.20E+00,1,6.10E-06
2.52E-01,-1.29E-02,1,6.10E-06
2.52E-01,-1.29E-02,1,6.10E-06
2.52E-01,-1.29E-02,1,6.10E-06
2.52E-01,3.20E+00,1,6.10E-06
2.53E-01,-1.29E-02,1,6.10E-06
2.53E-01,-2.81E-03,1,6.10E-06
2.53E-01,-7.84E-03,1,6.10E-06
2.53E-01,3.21E+00,1,6.10E-06
2.54E-01,3.23E+00,1,6.10E-06
2.54E-01,1.23E-02,1,6.10E-06
2.54E-01,-1.79E-02,1,6.10E-06
2.54E-01,-1.29E-02,1,6.10E-06
2.55E-01,3.24E+00,1,6.10E-06
2.55E-01,2.73E-02,1,6.10E-06
2.55E-01,-1.29E-02,1,6.10E-06
2.55E-01,-1.79E-02,1,6.10E-06
2.56E-01,3.24E+00,1,6.10E-06
2.56E-01,3.25E+00,1,6.10E-06
2.56E-01,-7.84E-03,1,6.10E-06
2.56E-01,-1.29E-02,1,6.10E-06
2.57E-01,3.20E+00,1,6.10E-06
2.57E-01,3.24E+00,1,6.10E-06
2.57E-01,-7.84E-03,1,6.10E-06
2.57E-01,2.73E-02,1,6.10E-06
2.58E-01,2.73E-02,1,6.10E-06
2.58E-01,3.20E+00,1,6.10E-06
2.58E-01,4.09E-01,1,6.10E-06
2.58E-01,2.23E-02,1,6.10E-06
2.59E-01,2.21E-03,1,6.10E-06
2.59E-01,3.22E+00,1,6.10E-06
2.59E-01,3.24E+00,1,6.10E-06
2.59E-01,2.23E-02,1,6.10E-06
2.60E-01,-1.29E-02,1,6.10E-06
2.60E-01,-3.80E-02,1,6.10E-06
2.60E-01,3.21E+00,1,6.10E-06
2.60E-01,-1.29E-02,1,6.10E-06
2.61E-01,2.21E-03,1,6.10E-06
2.61E-01,-1.29E-02,1,6.10E-06
2.61E-01,3.21E+00,1,6.10E-06
2.61E-01,3.21E+00,1,6.10E-06
2.62E-01,1.23E-02,1,6.10E-06
2.62E-01,1.23E-02,1,6.10E-06
2.62E-01,-7.84E-03,1,6.10E-06
2.62E-01,3.24E+00,1,6.10E-06
2.63E-01,2.73E-02,1,6.10E-06
2.63E-01,1.23E-02,1,6.10E-06
2.63E-01,-7.84E-03,1,6.10E-06
2.63E-01,3.21E+00,1,6.10E-06
2.64E-01,3.20E+00,1,6.10E-06
2.64E-01,2.73E-02,1,6.10E-06
2.64E-01,2.73E-02,1,6.10E-06
2.64E-01,3.06E+00,1,6.10E-06
2.65E-01,3.22E+00,1,6.10E-06
2.65E-01,2.73E-02,1,6.10E-06
2.65E-01,-4.80E-02,1,6.10E-06
2.65E-01,1.93E-01,1,6.10E-06
2.66E-01,3.22E+00,1,6.10E-06
2.66E-01,1.26E+00,1,6.10E-06
2.66E-01,-7.84E-03,1,6.10E-06
2.66E-01,-1.29E-02,1,6.10E-06
2.67E-01,3.24E+00,1,6.10E-06
2.67E-01,3.23E+00,1,6.10E-06
2.67E-01,1.73E-02,1,6.10E-06
2.67E-01,-1.29E-02,1,6.10E-06
2.68E-01,-3.80E-02,1,6.10E-06
2.68E-01,3.20E+00,1,6.10E-06
2.68E-01,2.23E-02,1,6.10E-06
2.68E-01,-1.29E-02,1,6.10E-06
2.69E-01,2.21E-03,1,6.10E-06
2.69E-01,3.24E+00,1,6.10E-06
2.69E-01,3.24E+00,1,6.10E-06
2.69E-01,-1.79E-02,1,6.10E-06
2.70E-01,-1.29E-02,1,6.10E-06
2.70E-01,-1.29E-02,1,6.10E-06
2.70E-01,3.21E+00,1,6.10E-06
2.70E-01,-1.29E-02,1,6.10E-06
2.71E-01,-1.29E-02,1,6.10E-06
2.71E-01,-1.29E-02,1,6.10E-06
2.71E-01,3.24E+00,1,6.10E-06
2.71E-01,2.86E+00,1,6.10E-06
2.72E-01,-1.29E-02,1,6.10E-06
2.72E-01,2.21E-03,1,6.10E-06
2.72E-01,2.95E+00,1,6.10E-06
2.72E-01,3.17E+00,1,6.10E-06
2.73E-01,2.73E-02,1,6.10E-06
2.73E-01,2.21E-03,1,6.10E-06
2.73E-01,3.24E-02,1,6.10E-06
2.73E-01,3.24E+00,1,6.10E-06
2.74E-01,3.23E+00,1,6.10E-06
2.74E-01,-1.29E-02,1,6.10E-06
2.74E-01,-1.29E-02,1,6.10E-06
2.74E-01,3.21E+00,1,6.10E-06
2.75E-01,3.19E+00,1,6.10E-06
2.75E-01,-1.29E-02,1,6.10E-06
2.75E-01,-4.30E-02,1,6.10E-06
2.75E-01,-1.29E-02,1,6.10E-06
2.76E-01,3.24E+00,1,6.10E-06
2.76E-01,4.24E-02,1,6.10E-06
2.76E-01,2.23E-02,1,6.10E-06
2.76E-01,2.23E-02,1,6.10E-06
2.77E-01,3.22E+00,1,6.10E-06
2.77E-01,3.24E+00,1,6.10E-06
2.77E-01,-1.29E-02,1,6.10E-06
2.77E-01,-1.29E-02,1,6.10E-06
2.78E-01,2.21E-03,1,6.10E-06
2.78E-01,3.22E+00,1,6.10E-06
2.78E-01,-1.29E-02,1,6.10E-06
2.78E-01,1.73E-02,1,6.10E-06
2.79E-01,-1.29E-02,1,6.10E-06
2.79E-01,3.20E+00,1,6.10E-06
2.79E-01,3.20E+00,1,6.10E-06
2.79E-01,-4.80E-02,1,6.10E-06
2.80E-01,-3.80E-02,1,6.10E-06
2.80E-01,1.97E+00,1,6.10E-06
2.80E-01,3.21E+00,1,6.10E-06
2.80E-01,2.23E-02,1,6.10E-06
2.81E-01,1.23E-02,1,6.10E-06
2.81E-01,-1.29E-02,1,6.10E-06
2.81E-01,3.24E+00,1,6.10E-06
2.81E-01,3.24E+00,1,6.10E-06
2.82E-01,-1.29E-02,1,6.10E-06
2.82E-01,1.23E-02,1,6.10E-06
2.82E-01,3.24E+00,1,6.10E-06
2.82E-01,3.24E+00,1,6.10E-06
2.83E-01,-1.29E-02,1,6.10E-06
2.83E-01,-1.29E-02,1,6.10E-06
2.83E-01,2.23E-02,1,6.10E-06
2.83E-01,3.24E+00,1,6.10E-06
2.84E-01,3.23E+00,1,6.10E-06
2.84E-01,2.21E-03,1,6.10E-06
2.84E-01,-1.29E-02,1,6.10E-06
2.84E-01,3.21E+00,1,6.10E-06
2.85E-01,3.23E+00,1,6.10E-06
2.85E-01,-3.80E-02,1,6.10E-06
2.85E-01,-7.84E-03,1,6.10E-06
2.85E-01,-7.84E-03,1,6.10E-06
2.86E-01,3.22E+00,1,6.10E-06
2.86E-01,2.73E-02,1,6.10E-06
2.86E-01,-7.84E-03,1,6.10E-06
2.86E-01,2.73E-02,1,6.10E-06
2.87E-01,3.22E+00,1,6.10E-06
2.87E-01,3.22E+00,1,6.10E-06
2.87E-01,2.23E-02,1,6.10E-06
2.87E-01,-5.31E-02,1,6.10E-06
2.88E-01,1.19E+00,1,6.10E-06
2.88E-01,3.23E+00,1,6.10E-06
2.88E-01,-7.84E-03,1,6.10E-06
2.88E-01,-1.29E-02,1,6.10E-06
2.89E-01,-2.79E-02,1,6.10E-06
2.89E-01,3.24E+00,1,6.10E-06
2.89E-01,3.24E+00,1,6.10E-06
2.89E-01,-7.84E-03,1,6.10E-06
2.90E-01,1.23E-02,1,6.10E-06
2.90E-01,3.23E+00,1,6.10E-06
2.90E-01,3.21E+00,1,6.10E-06
2.90E-01,1.73E-02,1,6.10E-06
2.91E-01,-1.29E-02,1,6.10E-06
2.91E-01,-1.29E-02,1,6.10E-06
2.91E-01,3.24E+00,1,6.10E-06
2.91E-01,3.24E+00,1,6.10E-06
2.92E-01,1.23E-02,1,6.10E-06
2.92E-01,2.73E-02,1,6.10E-06
2.92E-01,3.24E+00,1,6.10E-06
2.92E-01,3.24E+00,1,6.10E-06
2.93E-01,1.23E-02,1,6.10E-06
2.93E-01,-1.29E-02,1,6.10E-06
2.93E-01,-1.29E-02,1,6.10E-06
2.93E-01,3.21E+00,1,6.10E-06
2.94E-01,2.15E+00,1,6.10E-06
2.94E-01,1.23E-02,1,6.10E-06
2.94E-01,-1.29E-02,1,6.10E-06
2.94E-01,3.21E+00,1,6.10E-06
2.95E-01,3.24E+00,1,6.10E-06
2.95E-01,2.73E-02,1,6.10E-06
2.95E-01,-1.29E-02,1,6.10E-06
2.95E-01,2.14E+00,1,6.10E-06
2.96E-01,3.24E+00,1,6.10E-06
2.96E-01,-2.81E-03,1,6.10E-06
2.96E-01,2.23E-02,1,6.10E-06
2.96E-01,-7.84E-03,1,6.10E-06
2.97E-01,3.20E+00,1,6.10E-06
2.97E-01,3.22E+00,1,6.10E-06
2.97E-01,-1.79E-02,1,6.10E-06
2.97E-01,-7.84E-03,1,6.10E-06
2.98E-01,3.22E+00,1,6.10E-06
2.98E-01,3.20E+00,1,6.10E-06
2.98E-01,-4.80E-02,1,6.10E-06
2.98E-01,-7.84E-03,1,6.10E-06
2.99E-01,-1.29E-02,1,6.10E-06
2.99E-01,3.24E+00,1,6.10E-06
2.99E-01,3.21E+00,1,6.10E-06
2.99E-01,-7.84E-03,1,6.10E-06
3.00E-01,-1.29E-02,1,6.10E-06
3.00E-01,3.24E+00,1,6.10E-06
3.00E-01,3.21E+00,1,6.10E-06
3.00E-01,-1.29E-02,1,6.10E-06
3.01E-01,-1.29E-02,1,6.10E-06
3.01E-01,-1.29E-02,1,6.10E-06
3.01E-01,3.24E+00,1,6.10E-06
3.01E-01,3.21E+00,1,6.10E-06
3.02E-01,-1.29E-02,1,6.10E-06
3.02E-01,-2.79E-02,1,6.10E-06
3.02E-01,3.24E+00,1,6.10E-06
3.02E-01,3.24E+00,1,6.10E-06
3.03E-01,-2.81E-03,1,6.10E-06
3.03E-01,1.23E-02,1,6.10E-06
3.03E-01,1.86E+00,1,6.10E-06
3.03E-01,3.21E+00,1,6.10E-06
3.04E-01,2.04E+00,1,6.10E-06
3.04E-01,-1.29E-02,1,6.10E-06
3.04E-01,2.23E-02,1,6.10E-06
3.04E-01,3.24E+00,1,6.10E-06
3.05E-01,3.24E+00,1,6.10E-06
3.05E-01,-1.29E-02,1,6.10E-06
3.05E-01,-1.29E-02,1,6.10E-06
3.05E-01,3.28E+00,1,6.10E-06
3.06E-01,3.23E+00,1,6.10E-06
3.06E-01,2.21E-03,1,6.10E-06
3.06E-01,2.23E-02,1,6.10E-06
3.06E-01,-4.80E-02,1,6.10E-06
3.07E-01,3.20E+00,1,6.10E-06
3.07E-01,3.20E+00,1,6.10E-06
3.07E-01,-1.29E-02,1,6.10E-06
3.07E-01,-1.29E-02,1,6.10E-06
3.08E-01,3.20E+00,1,6.10E-06
3.08E-01,3.23E+00,1,6.10E-06
3.08E-01,-4.80E-02,1,6.10E-06
3.08E-01,-1.29E-02,1,6.10E-06
3.09E-01,-1.29E-02,1,6.10E-06
3.09E-01,3.27E+00,1,6.10E-06
3.09E-01,3.24E+00,1,6.10E-06
3.09E-01,-1.29E-02,1,6.10E-06
3.10E-01,-1.29E-02,1,6.10E-06
3.10E-01,3.20E+00,1,6.10E-06
3.10E-01,3.20E+00,1,6.10E-06
3.10E-01,-4.80E-02,1,6.10E-06
3.11E-01,-2.81E-03,1,6.10E-06
3.11E-01,-1.29E-02,1,6.10E-06
3.11E-01,3.24E+00,1,6.10E-06
3.11E-01,3.21E+00,1,6.10E-06
3.12E-01,1.23E-02,1,6.10E-06
3.12E-01,-2.79E-02,1,6.10E-06
3.12E-01,3.21E+00,1,6.10E-06
3.12E-01,3.24E+00,1,6.10E-06
3.13E-01,-1.29E-02,1,6.10E-06
3.13E-01,-1.29E-02,1,6.10E-06
3.13E-01,3.17E+00,1,6.10E-06
3.13E-01,3.24E+00,1,6.10E-06
3.14E-01,2.73E-02,1,6.10E-06
3.14E-01,2.73E-02,1,6.10E-06
3.14E-01,2.23E-02,1,6.10E-06
3.14E-01,3.20E+00,1,6.10E-06
3.15E-01,3.20E+00,1,6.10E-06
3.15E-01,1.23E-02,1,6.10E-06
3.15E-01,-7.84E-03,1,6.10E-06
3.15E-01,3.21E+00,1,6.10E-06
3.16E-01,3.24E+00,1,6.10E-06
3.16E-01,1.23E-02,1,6.10E-06
3.16E-01,-7.84E-03,1,6.10E-06
3.16E-01,2.23E-02,1,6.10E-06
3.17E-01,3.22E+00,1,6.10E-06
3.17E-01,3.20E+00,1,6.10E-06
3.17E-01,2.23E-02,1,6.10E-06
3.17E-01,2.23E-02,1,6.10E-06
3.18E-01,3.24E+00,1,6.10E-06
3.18E-01,3.22E+00,1,6.10E-06
3.18E-01,-1.29E-02,1,6.10E-06
3.18E-01,-4.80E-02,1,6.10E-06
3.19E-01,8.46E-01,1,6.10E-06
3.19E-01,3.20E+00,1,6.10E-06
3.19E-01,3.24E+00,1,6.10E-06
3.19E-01,-5.31E-02,1,6.10E-06
3.20E-01,-1.29E-02,1,6.10E-06
3.20E-01,3.22E+00,1,6.10E-06
3.20E-01,3.27E+00,1,6.10E-06
3.20E-01,-1.29E-02,1,6.10E-06
3.21E-01,1.23E-02,1,6.10E-06
3.21E-01,3.22E+00,1,6.10E-06
3.21E-01,3.21E+00,1,6.10E-06
3.21E-01,3.08E+00,1,6.10E-06
3.22E-01,-1.29E-02,1,6.10E-06
3.22E-01,1.23E-02,1,6.10E-06
3.22E-01,3.24E+00,1,6.10E-06
3.22E-01,3.24E+00,1,6.10E-06
3.23E-01,-2.79E-02,1,6.10E-06
3.23E-01,2.73E-02,1,6.10E-06
3.23E-01,3.20E+00,1,6.10E-06
3.23E-01,3.21E+00,1,6.10E-06
3.24E-01,1.23E-02,1,6.10E-06
3.24E-01,-3.80E-02,1,6.10E-06
3.24E-01,-7.84E-03,1,6.10E-06
3.24E-01,3.24E+00,1,6.10E-06
3.25E-01,3.24E+00,1,6.10E-06
3.25E-01,-2.81E-03,1,6.10E-06
3.25E-01,-1.29E-02,1,6.10E-06
3.25E-01,3.20E+00,1,6.10E-06
3.26E-01,3.21E+00,1,6.10E-06
3.26E-01,-1.29E-02,1,6.10E-06
3.26E-01,-1.29E-02,1,6.10E-06
3.26E-01,5.75E-02,1,6.10E-06
3.27E-01,3.24E+00,1,6.10E-06
3.27E-01,3.23E+00,1,6.10E-06
3.27E-01,2.23E-02,1,6.10E-06
3.27E-01,2.73E-02,1,6.10E-06
3.28E-01,3.23E+00,1,6.10E-06
3.28E-01,3.24E+00,1,6.10E-06
3.28E-01,2.23E-02,1,6.10E-06
3.28E-01,-7.84E-03,1,6.10E-06
3.29E-01,3.24E+00,1,6.10E-06
3.29E-01,3.24E+00,1,6.10E-06
3.29E-01,3.24E+00,1,6.10E-06
3.29E-01,2.23E-02,1,6.10E-06
3.30E-01,-1.29E-02,1,6.10E-06
3.30E-01,3.22E+00,1,6.10E-06
3.30E-01,3.24E+00,1,6.10E-06
3.30E-01,-1.29E-02,1,6.10E-06
3.31E-01,1.23E-02,1,6.10E-06
3.31E-01,3.20E+00,1,6.10E-06
3.31E-01,3.21E+00,1,6.10E-06
3.31E-01,2.82E+00,1,6.10E-06
3.32E-01,-3.80E-02,1,6.10E-06
3.32E-01,-1.29E-02,1,6.10E-06
3.32E-01,3.21E+00,1,6.10E-06
3.32E-01,3.23E+00,1,6.10E-06
3.33E-01,2.21E-03,1,6.10E-06
3.33E-01,2.21E-03,1,6.10E-06
3.33E-01,3.24E+00,1,6.10E-06
3.33E-01,3.24E+00,1,6.10E-06
3.34E-01,2.21E-03,1,6.10E-06
3.34E-01,2.73E-02,1,6.10E-06
3.34E-01,2.23E-02,1,6.10E-06
3.34E-01,3.24E+00,1,6.10E-06
3.35E-01,3.24E+00,1,6.10E-06
3.35E-01,-1.29E-02,1,6.10E-06
3.35E-01,-1.29E-02,1,6.10E-06
3.35E-01,3.24E+00,1,6.10E-06
3.36E-01,3.24E+00,1,6.10E-06
3.36E-01,-2.79E-02,1,6.10E-06
3.36E-01,2.23E-02,1,6.10E-06
3.36E-01,3.24E+00,1,6.10E-06
3.37E-01,3.20E+00,1,6.10E-06
3.37E-01,3.22E+00,1,6.10E-06
3.37E-01,-1.29E-02,1,6.10E-06
3.37E-01,-1.29E-02,1,6.10E-06
3.38E-01,3.24E+00,1,6.10E-06
3.38E-01,3.24E+00,1,6.10E-06
3.38E-01,-4.80E-02,1,6.10E-06
3.38E-01,-1.29E-02,1,6.10E-06
3.39E-01,3.20E+00,1,6.10E-06
3.39E-01,3.22E+00,1,6.10E-06
3.39E-01,3.24E+00,1,6.10E-06
3.39E-01,2.23E-02,1,6.10E-06
3.40E-01,-3.80E-02,1,6.10E-06
3.40E-01,3.23E+00,1,6.10E-06
3.40E-01,3.21E+00,1,6.10E-06
3.40E-01,-7.84E-03,1,6.10E-06
3.41E-01,1.23E-02,1,6.10E-06
3.41E-01,3.20E+00,1,6.10E-06
3.41E-01,3.20E+00,1,6.10E-06
3.41E-01,6.75E-02,1,6.10E-06
3.42E-01,-1.29E-02,1,6.10E-06
3.42E-01,-1.29E-02,1,6.10E-06
3.42E-01,3.24E+00,1,6.10E-06
3.42E-01,3.24E+00,1,6.10E-06
3.43E-01,-1.29E-02,1,6.10E-06
3.43E-01,1.23E-02,1,6.10E-06
3.43E-01,3.24E+00,1,6.10E-06
3.43E-01,3.21E+00,1,6.10E-06
3.44E-01,-1.29E-02,1,6.10E-06
3.44E-01,-1.29E-02,1,6.10E-06
3.44E-01,3.24E+00,1,6.10E-06
3.44E-01,3.24E+00,1,6.10E-06
3.45E-01,3.23E+00,1,6.10E-06
3.45E-01,1.23E-02,1,6.10E-06
3.45E-01,-7.84E-03,1,6.10E-06
3.45E-01,3.38E+00,1,6.10E-06
3.46E-01,3.20E+00,1,6.10E-06
3.46E-01,2.21E-03,1,6.10E-06
3.46E-01,-4.80E-02,1,6.10E-06
3.46E-01,3.21E+00,1,6.10E-06
3.47E-01,3.24E+00,1,6.10E-06
3.47E-01,3.22E+00,1,6.10E-06
3.47E-01,-4.30E-02,1,6.10E-06
3.47E-01,-2.81E-03,1,6.10E-06
3.48E-01,3.21E+00,1,6.10E-06
3.48E-01,3.23E+00,1,6.10E-06
3.48E-01,-1.29E-02,1,6.10E-06
3.48E-01,-1.29E-02,1,6.10E-06
3.49E-01,3.22E+00,1,6.10E-06
3.49E-01,3.23E+00,1,6.10E-06
3.49E-01,3.24E+00,1,6.10E-06
3.49E-01,-1.29E-02,1,6.10E-06
3.50E-01,-1.29E-02,1,6.10E-06
3.50E-01,3.22E+00,1,6.10E-06
3.50E-01,3.21E+00,1,6.10E-06
3.50E-01,-1.29E-02,1,6.10E-06
3.51E-01,-1.29E-02,1,6.10E-06
3.51E-01,3.20E+00,1,6.10E-06
3.51E-01,3.24E+00,1,6.10E-06
3.51E-01,-1.29E-02,1,6.10E-06
3.52E-01,-1.29E-02,1,6.10E-06
3.52E-01,3.23E+00,1,6.10E-06
3.52E-01,3.28E+00,1,6.10E-06
3.52E-01,3.24E+00,1,6.10E-06
3.53E-01,-3.80E-02,1,6.10E-06
3.53E-01,-1.29E-02,1,6.10E-06
3.53E-01,3.24E+00,1,6.10E-06
3.53E-01,3.24E+00,1,6.10E-06
3.54E-01,-2.79E-02,1,6.10E-06
3.54E-01,-1.29E-02,1,6.10E-06
3.54E-01,3.28E+00,1,6.10E-06
3.54E-01,3.20E+00,1,6.10E-06
3.55E-01,3.24E+00,1,6.10E-06
3.55E-01,2.21E-03,1,6.10E-06
3.55E-01,-1.29E-02,1,6.10E-06
3.55E-01,3.24E+00,1,6.10E-06
3.56E-01,3.23E+00,1,6.10E-06
3.56E-01,-3.80E-02,1,6.10E-06
3.56E-01,-1.29E-02,1,6.10E-06
3.56E-01,3.20E+00,1,6.10E-06
3.57E-01,3.22E+00,1,6.10E-06
3.57E-01,3.20E+00,1,6.10E-06
3.57E-01,-1.29E-02,1,6.10E-06
3.57E-01,2.23E-02,1,6.10E-06
3.58E-01,3.19E+00,1,6.10E-06
3.58E-01,3.22E+00,1,6.10E-06
3.58E-01,-1.29E-02,1,6.10E-06
3.58E-01,-7.84E-03,1,6.10E-06
3.59E-01,3.22E+00,1,6.10E-06
3.59E-01,3.20E+00,1,6.10E-06
3.59E-01,3.23E+00,1,6.10E-06
3.59E-01,-1.29E-02,1,6.10E-06
3.60E-01,3.22E+00,1,6.10E-06
3.60E-01,3.26E+00,1,6.10E-06
3.60E-01,3.20E+00,1,6.10E-06
3.60E-01,-1.29E-02,1,6.10E-06
3.61E-01,-3.80E-02,1,6.10E-06
3.61E-01,3.23E+00,1,6.10E-06
3.61E-01,3.24E+00,1,6.10E-06
3.61E-01,-1.29E-02,1,6.10E-06
3.62E-01,2.73E-02,1,6.10E-06
3.62E-01,3.23E+00,1,6.10E-06
3.62E-01,3.28E+00,1,6.10E-06
3.62E-01,3.24E+00,1,6.10E-06
3.63E-01,-1.29E-02,1,6.10E-06
3.63E-01,2.73E-02,1,6.10E-06
3.63E-01,3.24E+00,1,6.10E-06
3.63E-01,3.21E+00,1,6.10E-06
3.64E-01,1.23E-02,1,6.10E-06
3.64E-01,-1.29E-02,1,6.10E-06
3.64E-01,3.20E+00,1,6.10E-06
3.64E-01,3.27E+00,1,6.10E-06
3.65E-01,3.20E+00,1,6.10E-06
3.65E-01,-1.29E-02,1,6.10E-06
3.65E-01,-4.80E-02,1,6.10E-06
3.65E-01,3.24E+00,1,6.10E-06
3.66E-01,3.22E+00,1,6.10E-06
3.66E-01,-3.80E-02,1,6.10E-06
3.66E-01,-1.29E-02,1,6.10E-06
3.66E-01,3.24E+00,1,6.10E-06
3.67E-01,3.19E+00,1,6.10E-06
3.67E-01,3.24E+00,1,6.10E-06
3.67E-01,-1.29E-02,1,6.10E-06
3.67E-01,3.24E+00,1,6.10E-06
3.68E-01,3.26E+00,1,6.10E-06
3.68E-01,3.23E+00,1,6.10E-06
3.68E-01,2.23E-02,1,6.10E-06
3.68E-01,-1.79E-02,1,6.10E-06
3.69E-01,3.22E+00,1,6.10E-06
3.69E-01,3.24E+00,1,6.10E-06
3.69E-01,1.41E+00,1,6.10E-06
3.69E-01,-1.29E-02,1,6.10E-06
3.70E-01,3.24E+00,1,6.10E-06
3.70E-01,3.20E+00,1,6.10E-06
3.70E-01,3.20E+00,1,6.10E-06
3.70E-01,2.23E-02,1,6.10E-06
3.71E-01,-2.81E-03,1,6.10E-06
3.71E-01,3.20E+00,1,6.10E-06
3.71E-01,3.17E+00,1,6.10E-06
3.71E-01,-1.29E-02,1,6.10E-06
3.72E-01,-1.29E-02,1,6.10E-06
3.72E-01,3.24E+00,1,6.10E-06
3.72E-01,3.21E+00,1,6.10E-06
3.72E-01,3.21E+00,1,6.10E-06
3.73E-01,-1.29E-02,1,6.10E-06
3.73E-01,-1.29E-02,1,6.10E-06
3.73E-01,3.20E+00,1,6.10E-06
3.73E-01,3.24E+00,1,6.10E-06
3.74E-01,-3.80E-02,1,6.10E-06
3.74E-01,-3.80E-02,1,6.10E-06
3.74E-01,3.23E+00,1,6.10E-06
3.74E-01,3.23E+00,1,6.10E-06
3.75E-01,3.22E+00,1,6.10E-06
3.75E-01,2.21E-03,1,6.10E-06
3.75E-01,3.20E+00,1,6.10E-06
3.75E-01,3.24E+00,1,6.10E-06
3.76E-01,3.24E+00,1,6.10E-06
3.76E-01,-2.79E-02,1,6.10E-06
3.76E-01,-4.80E-02,1,6.10E-06
3.76E-01,3.24E+00,1,6.10E-06
3.77E-01,3.23E+00,1,6.10E-06
3.77E-01,3.24E+00,1,6.10E-06
3.77E-01,-4.80E-02,1,6.10E-06
3.77E-01,3.21E+00,1,6.10E-06
3.78E-01,3.24E+00,1,6.10E-06
3.78E-01,3.23E+00,1,6.10E-06
3.78E-01,-7.84E-03,1,6.10E-06
3.78E-01,2.23E-02,1,6.10E-06
3.79E-01,3.22E+00,1,6.10E-06
3.79E-01,3.24E+00,1,6.10E-06
3.79E-01,2.73E-02,1,6.10E-06
3.79E-01,2.23E-02,1,6.10E-06
3.80E-01,3.20E+00,1,6.10E-06
3.80E-01,3.23E+00,1,6.10E-06
3.80E-01,3.24E+00,1,6.10E-06
3.80E-01,-1.79E-02,1,6.10E-06
3.81E-01,-3.80E-02,1,6.10E-06
3.81E-01,3.22E+00,1,6.10E-06
3.81E-01,3.20E+00,1,6.10E-06
3.81E-01,-1.29E-02,1,6.10E-06
3.82E-01,-2.29E-02,1,6.10E-06
3.82E-01,3.20E+00,1,6.10E-06
3.82E-01,3.21E+00,1,6.10E-06
3.82E-01,3.24E+00,1,6.10E-06
3.83E-01,-1.29E-02,1,6.10E-06
3.83E-01,3.24E+00,1,6.10E-06
3.83E-01,3.25E+00,1,6.10E-06
3.83E-01,3.24E+00,1,6.10E-06
3.84E-01,1.23E-02,1,6.10E-06
3.84E-01,2.73E-02,1,6.10E-06
3.84E-01,3.24E+00,1,6.10E-06
3.84E-01,3.24E+00,1,6.10E-06
3.85E-01,3.19E+00,1,6.10E-06
3.85E-01,-1.29E-02,1,6.10E-06
3.85E-01,3.24E+00,1,6.10E-06
3.85E-01,3.20E+00,1,6.10E-06
3.86E-01,3.22E+00,1,6.10E-06
3.86E-01,2.21E-03,1,6.10E-06
3.86E-01,2.23E-02,1,6.10E-06
3.86E-01,3.20E+00,1,6.10E-06
3.87E-01,3.22E+00,1,6.10E-06
3.87E-01,3.22E+00,1,6.10E-06
3.87E-01,-1.29E-02,1,6.10E-06
3.87E-01,3.20E+00,1,6.10E-06
3.88E-01,3.23E+00,1,6.10E-06
3.88E-01,3.23E+00,1,6.10E-06
3.88E-01,2.23E-02,1,6.10E-06
3.88E-01,-1.29E-02,1,6.10E-06
3.89E-01,3.24E+00,1,6.10E-06
3.89E-01,3.23E+00,1,6.10E-06
3.89E-01,-7.84E-03,1,6.10E-06
3.89E-01,-4.80E-02,1,6.10E-06
3.90E-01,3.22E+00,1,6.10E-06
3.90E-01,3.22E+00,1,6.10E-06
3.90E-01,3.24E+00,1,6.10E-06
3.90E-01,-1.29E-02,1,6.10E-06
3.91E-01,3.22E+00,1,6.10E-06
3.91E-01,3.22E+00,1,6.10E-06
3.91E-01,3.20E+00,1,6.10E-06
3.91E-01,-1.29E-02,1,6.10E-06
3.92E-01,1.23E-02,1,6.10E-06
3.92E-01,3.20E+00,1,6.10E-06
3.92E-01,3.20E+00,1,6.10E-06
3.92E-01,3.24E+00,1,6.10E-06
3.93E-01,2.21E-03,1,6.10E-06
3.93E-01,3.19E+00,1,6.10E-06
3.93E-01,3.24E+00,1,6.10E-06
3.93E-01,3.24E+00,1,6.10E-06
3.94E-01,-3.80E-02,1,6.10E-06
3.94E-01,-1.29E-02,1,6.10E-06
3.94E-01,3.24E+00,1,6.10E-06
3.94E-01,3.17E+00,1,6.10E-06
3.95E-01,3.24E+00,1,6.10E-06
3.95E-01,1.73E-02,1,6.10E-06
3.95E-01,3.20E+00,1,6.10E-06
3.95E-01,3.24E+00,1,6.10E-06
3.96E-01,3.23E+00,1,6.10E-06
3.96E-01,-3.80E-02,1,6.10E-06
3.96E-01,-7.84E-03,1,6.10E-06
3.96E-01,3.21E+00,1,6.10E-06
3.97E-01,3.23E+00,1,6.10E-06
3.97E-01,7.86E-01,1,6.10E-06
3.97E-01,-7.84E-03,1,6.10E-06
3.97E-01,3.21E+00,1,6.10E-06
3.98E-01,3.23E+00,1,6.10E-06
3.98E-01,3.21E+00,1,6.10E-06
3.98E-01,-1.29E-02,1,6.10E-06
3.98E-01,3.20E+00,1,6.10E-06
3.99E-01,3.24E+00,1,6.10E-06
3.99E-01,3.22E+00,1,6.10E-06
3.99E-01,-4.80E-02,1,6.10E-06
3.99E-01,-7.84E-03,1,6.10E-06
4.00E-01,3.22E+00,1,6.10E-06
4.00E-01,3.22E+00,1,6.10E-06
4.00E-01,3.17E+00,1,6.10E-06
4.00E-01,-1.29E-02,1,6.10E-06
4.01E-01,3.25E+00,1,6.10E-06
4.01E-01,3.22E+00,1,6.10E-06
4.01E-01,3.24E+00,1,6.10E-06
4.01E-01,-4.80E-02,1,6.10E-06
4.02E-01,2.21E-03,1,6.10E-06
4.02E-01,3.24E+00,1,6.10E-06
4.02E-01,3.24E+00,1,6.10E-06
4.02E-01,3.24E+00,1,6.10E-06
4.03E-01,-1.29E-02,1,6.10E-06
4.03E-01,3.21E+00,1,6.10E-06
4.03E-01,3.27E+00,1,6.10E-06
4.03E-01,3.28E+00,1,6.10E-06
4.04E-01,-1.29E-02,1,6.10E-06
4.04E-01,1.23E-02,1,6.10E-06
4.04E-01,3.23E+00,1,6.10E-06
4.04E-01,3.21E+00,1,6.10E-06
4.05E-01,3.20E+00,1,6.10E-06
4.05E-01,2.21E-03,1,6.10E-06
4.05E-01,3.24E+00,1,6.10E-06
4.05E-01,3.20E+00,1,6.10E-06
4.06E-01,3.24E+00,1,6.10E-06
4.06E-01,-3.80E-02,1,6.10E-06
4.06E-01,3.20E+00,1,6.10E-06
4.06E-01,3.24E+00,1,6.10E-06
4.07E-01,3.23E+00,1,6.10E-06
4.07E-01,7.76E-02,1,6.10E-06
4.07E-01,2.73E-02,1,6.10E-06
4.07E-01,3.21E+00,1,6.10E-06
4.08E-01,3.23E+00,1,6.10E-06
4.08E-01,3.20E+00,1,6.10E-06
4.08E-01,-7.84E-03,1,6.10E-06
4.08E-01,3.24E+00,1,6.10E-06
4.09E-01,3.20E+00,1,6.10E-06
4.09E-01,3.24E+00,1,6.10E-06
4.09E-01,2.23E-02,1,6.10E-06
4.09E-01,-1.29E-02,1,6.10E-06
4.10E-01,3.22E+00,1,6.10E-06
4.10E-01,3.20E+00,1,6.10E-06
4.10E-01,3.24E+00,1,6.10E-06
4.10E-01,-1.29E-02,1,6.10E-06
4.11E-01,3.23E+00,1,6.10E-06
4.11E-01,3.24E+00,1,6.10E-06
4.11E-01,3.24E+00,1,6.10E-06
4.11E-01,-7.84E-03,1,6.10E-06
4.12E-01,-1.29E-02,1,6.10E-06
4.12E-01,3.22E+00,1,6.10E-06
4.12E-01,3.16E+00,1,6.10E-06
4.12E-01,3.24E+00,1,6.10E-06
4.13E-01,-2.29E-02,1,6.10E-06
4.13E-01,3.20E+00,1,6.10E-06
4.13E-01,3.27E+00,1,6.10E-06
4.13E-01,3.24E+00,1,6.10E-06
4.14E-01,-1.29E-02,1,6.10E-06
4.14E-01,3.24E+00,1,6.10E-06
4.14E-01,3.31E+00,1,6.10E-06
4.14E-01,3.20E+00,1,6.10E-06
4.15E-01,3.23E+00,1,6.10E-06
4.15E-01,-3.80E-02,1,6.10E-06
4.15E-01,3.21E+00,1,6.10E-06
4.15E-01,3.20E+00,1,6.10E-06
4.16E-01,3.27E+00,1,6.10E-06
4.16E-01,-1.29E-02,1,6.10E-06
4.16E-01,3.24E+00,1,6.10E-06
4.16E-01,3.17E+00,1,6.10E-06
4.17E-01,3.22E+00,1,6.10E-06
4.17E-01,-1.29E-02,1,6.10E-06
4.17E-01,-1.29E-02,1,6.10E-06
4.17E-01,3.21E+00,1,6.10E-06
4.18E-01,3.23E+00,1,6.10E-06
4.18E-01,3.23E+00,1,6.10E-06
4.18E-01,-1.29E-02,1,6.10E-06
4.18E-01,3.25E+00,1,6.10E-06
4.19E-01,3.24E+00,1,6.10E-06
4.19E-01,3.23E+00,1,6.10E-06
4.19E-01,-7.84E-03,1,6.10E-06
4.19E-01,-1.29E-02,1,6.10E-06
4.20E-01,3.20E+00,1,6.10E-06
4.20E-01,3.20E+00,1,6.10E-06
4.20E-01,3.24E+00,1,6.10E-06
4.20E-01,-1.29E-02,1,6.10E-06
4.21E-01,3.23E+00,1,6.10E-06
4.21E-01,3.23E+00,1,6.10E-06
4.21E-01,3.21E+00,1,6.10E-06
4.21E-01,-1.79E-02,1,6.10E-06
4.22E-01,3.23E+00,1,6.10E-06
4.22E-01,3.22E+00,1,6.10E-06
4.22E-01,3.24E+00,1,6.10E-06
4.22E-01,3.20E+00,1,6.10E-06
4.23E-01,2.21E-03,1,6.10E-06
4.23E-01,3.20E+00,1,6.10E-06
4.23E-01,3.24E+00,1,6.10E-06
4.23E-01,3.24E+00,1,6.10E-06
4.24E-01,-1.29E-02,1,6.10E-06
4.24E-01,3.23E+00,1,6.10E-06
4.24E-01,3.24E+00,1,6.10E-06
4.24E-01,3.24E+00,1,6.10E-06
4.25E-01,2.05E+00,1,6.10E-06
4.25E-01,-1.29E-02,1,6.10E-06
4.25E-01,3.21E+00,1,6.10E-06
4.25E-01,3.21E+00,1,6.10E-06
4.26E-01,3.23E+00,1,6.10E-06
4.26E-01,-1.29E-02,1,6.10E-06
4.26E-01,3.17E+00,1,6.10E-06
4.26E-01,3.24E+00,1,6.10E-06
4.27E-01,3.22E+00,1,6.10E-06
4.27E-01,-3.80E-02,1,6.10E-06
4.27E-01,-1.29E-02,1,6.10E-06
4.27E-01,3.24E+00,1,6.10E-06
4.28E-01,3.24E+00,1,6.10E-06
4.28E-01,3.24E+00,1,6.10E-06
4.28E-01,-1.29E-02,1,6.10E-06
4.28E-01,3.20E+00,1,6.10E-06
4.29E-01,3.23E+00,1,6.10E-06
4.29E-01,3.24E+00,1,6.10E-06
4.29E-01,-1.79E-02,1,6.10E-06
4.29E-01,3.21E+00,1,6.10E-06
4.30E-01,3.23E+00,1,6.10E-06
4.30E-01,3.22E+00,1,6.10E-06
4.30E-01,3.20E+00,1,6.10E-06
4.30E-01,-7.84E-03,1,6.10E-06
4.31E-01,3.23E+00,1,6.10E-06
4.31E-01,3.19E+00,1,6.10E-06
4.31E-01,3.21E+00,1,6.10E-06
4.31E-01,-1.29E-02,1,6.10E-06
4.32E-01,3.22E+00,1,6.10E-06
4.32E-01,3.20E+00,1,6.10E-06
4.32E-01,3.21E+00,1,6.10E-06
4.32E-01,3.24E+00,1,6.10E-06
4.33E-01,-1.29E-02,1,6.10E-06
4.33E-01,3.23E+00,1,6.10E-06
4.33E-01,3.21E+00,1,6.10E-06
4.33E-01,3.20E+00,1,6.10E-06
4.34E-01,-1.29E-02,1,6.10E-06
4.34E-01,3.23E+00,1,6.10E-06
4.34E-01,3.20E+00,1,6.10E-06
4.34E-01,3.20E+00,1,6.10E-06
4.35E-01,3.89E-01,1,6.10E-06
4.35E-01,-2.79E-02,1,6.10E-06
4.35E-01,3.24E+00,1,6.10E-06
4.35E-01,3.20E+00,1,6.10E-06
4.36E-01,3.23E+00,1,6.10E-06
4.36E-01,-1.29E-02,1,6.10E-06
4.36E-01,3.24E+00,1,6.10E-06
4.36E-01,3.23E+00,1,6.10E-06
4.37E-01,3.24E+00,1,6.10E-06
4.37E-01,1.23E-02,1,6.10E-06
4.37E-01,3.20E+00,1,6.10E-06
4.37E-01,3.20E+00,1,6.10E-06
4.38E-01,3.23E+00,1,6.10E-06
4.38E-01,3.20E+00,1,6.10E-06
4.38E-01,-1.29E-02,1,6.10E-06
4.38E-01,3.23E+00,1,6.10E-06
4.39E-01,2.99E+00,1,6.10E-06
4.39E-01,3.20E+00,1,6.10E-06
4.39E-01,-4.80E-02,1,6.10E-06
4.39E-01,3.20E+00,1,6.10E-06
4.40E-01,3.22E+00,1,6.10E-06
4.40E-01,3.24E+00,1,6.10E-06
4.40E-01,3.24E+00,1,6.10E-06
4.40E-01,-1.29E-02,1,6.10E-06
4.41E-01,3.25E+00,1,6.10E-06
4.41E-01,3.24E+00,1,6.10E-06
4.41E-01,3.24E+00,1,6.10E-06
4.41E-01,-1.29E-02,1,6.10E-06
4.42E-01,3.24E+00,1,6.10E-06
4.42E-01,3.23E+00,1,6.10E-06
4.42E-01,3.21E+00,1,6.10E-06
4.42E-01,3.21E+00,1,6.10E-06
4.43E-01,2.21E-03,1,6.10E-06
4.43E-01,3.24E+00,1,6.10E-06
4.43E-01,3.20E+00,1,6.10E-06
4.43E-01,3.24E+00,1,6.10E-06
4.44E-01,1.23E-02,1,6.10E-06
4.44E-01,3.20E+00,1,6.10E-06
4.44E-01,3.24E+00,1,6.10E-06
4.44E-01,3.21E+00,1,6.10E-06
4.45E-01,-3.80E-02,1,6.10E-06
4.45E-01,3.20E+00,1,6.10E-06
4.45E-01,3.20E+00,1,6.10E-06
4.45E-01,3.24E+00,1,6.10E-06
4.46E-01,3.23E+00,1,6.10E-06
4.46E-01,1.23E-02,1,6.10E-06
4.46E-01,3.24E+00,1,6.10E-06
4.46E-01,3.24E+00,1,6.10E-06
4.47E-01,3.05E+00,1,6.10E-06
4.47E-01,-1.29E-02,1,6.10E-06
4.47E-01,3.21E+00,1,6.10E-06
4.47E-01,3.24E+00,1,6.10E-06
4.48E-01,3.23E+00,1,6.10E-06
4.48E-01,3.20E+00,1,6.10E-06
4.48E-01,-1.79E-02,1,6.10E-06
4.48E-01,3.24E+00,1,6.10E-06
4.49E-01,3.22E+00,1,6.10E-06
4.49E-01,3.24E+00,1,6.10E-06
4.49E-01,2.23E-02,1,6.10E-06
4.49E-01,3.21E+00,1,6.10E-06
4.50E-01,3.23E+00,1,6.10E-06
4.50E-01,3.20E+00,1,6.10E-06
4.50E-01,3.24E+00,1,6.10E-06
4.50E-01,-7.84E-03,1,6.10E-06
4.51E-01,3.23E+00,1,6.10E-06
4.51E-01,3.23E+00,1,6.10E-06
4.51E-01,3.24E+00,1,6.10E-06
4.51E-01,-1.29E-02,1,6.10E-06
4.52E-01,3.23E+00,1,6.10E-06
4.52E-01,3.20E+00,1,6.10E-06
4.52E-01,3.24E+00,1,6.10E-06
4.52E-01,2.92E+00,1,6.10E-06
4.53E-01,2.81E+00,1,6.10E-06
4.53E-01,3.22E+00,1,6.10E-06
4.53E-01,3.21E+00,1,6.10E-06
4.53E-01,3.24E+00,1,6.10E-06
4.54E-01,-1.29E-02,1,6.10E-06
4.54E-01,3.24E+00,1,6.10E-06
4.54E-01,3.21E+00,1,6.10E-06
4.54E-01,3.24E+00,1,6.10E-06
4.55E-01,-1.29E-02,1,6.10E-06
4.55E-01,3.23E+00,1,6.10E-06
4.55E-01,3.20E+00,1,6.10E-06
4.55E-01,3.21E+00,1,6.10E-06
4.56E-01,3.20E+00,1,6.10E-06
4.56E-01,-1.29E-02,1,6.10E-06
4.56E-01,3.24E+00,1,6.10E-06
4.56E-01,3.27E+00,1,6.10E-06
4.57E-01,3.05E+00,1,6.10E-06
4.57E-01,-1.29E-02,1,6.10E-06
4.57E-01,3.20E+00,1,6.10E-06
4.57E-01,3.21E+00,1,6.10E-06
4.58E-01,3.20E+00,1,6.10E-06
4.58E-01,3.23E+00,1,6.10E-06
4.58E-01,-1.29E-02,1,6.10E-06
4.58E-01,3.24E+00,1,6.10E-06
4.59E-01,3.22E+00,1,6.10E-06
4.59E-01,3.20E+00,1,6.10E-06
4.59E-01,-1.29E-02,1,6.10E-06
4.59E-01,3.17E+00,1,6.10E-06
4.60E-01,3.24E+00,1,6.10E-06
4.60E-01,3.24E+00,1,6.10E-06
4.60E-01,3.24E+00,1,6.10E-06
4.60E-01,3.21E+00,1,6.10E-06
4.61E-01,3.45E+00,1,6.10E-06
4.61E-01,3.20E+00,1,6.10E-06
4.61E-01,3.24E+00,1,6.10E-06
4.61E-01,-1.79E-02,1,6.10E-06
4.62E-01,3.23E+00,1,6.10E-06
4.62E-01,3.22E+00,1,6.10E-06
4.62E-01,3.24E+00,1,6.10E-06
4.62E-01,5.75E-02,1,6.10E-06
4.63E-01,3.20E+00,1,6.10E-06
4.63E-01,3.20E+00,1,6.10E-06
4.63E-01,3.24E+00,1,6.10E-06
4.63E-01,3.24E+00,1,6.10E-06
4.64E-01,-1.29E-02,1,6.10E-06
4.64E-01,3.23E+00,1,6.10E-06
4.64E-01,3.21E+00,1,6.10E-06
4.64E-01,3.24E+00,1,6.10E-06
4.65E-01,8.76E-02,1,6.10E-06
4.65E-01,3.23E+00,1,6.10E-06
4.65E-01,3.20E+00,1,6.10E-06
4.65E-01,3.20E+00,1,6.10E-06
4.66E-01,3.20E+00,1,6.10E-06
4.66E-01,-1.29E-02,1,6.10E-06
4.66E-01,3.24E+00,1,6.10E-06
4.66E-01,3.20E+00,1,6.10E-06
4.67E-01,3.20E+00,1,6.10E-06
4.67E-01,-1.29E-02,1,6.10E-06
4.67E-01,3.21E+00,1,6.10E-06
4.67E-01,3.21E+00,1,6.10E-06
4.68E-01,3.22E+00,1,6.10E-06
4.68E-01,3.20E+00,1,6.10E-06
4.68E-01,3.17E+00,1,6.10E-06
4.68E-01,3.20E+00,1,6.10E-06
4.69E-01,3.22E+00,1,6.10E-06
4.69E-01,3.20E+00,1,6.10E-06
4.69E-01,-7.84E-03,1,6.10E-06
4.69E-01,3.21E+00,1,6.10E-06
4.70E-01,3.20E+00,1,6.10E-06
4.70E-01,3.20E+00,1,6.10E-06
4.70E-01,3.20E+00,1,6.10E-06
4.70E-01,3.24E+00,1,6.10E-06
4.71E-01,3.23E+00,1,6.10E-06
4.71E-01,3.21E+00,1,6.10E-06
4.71E-01,3.20E+00,1,6.10E-06
4.71E-01,-1.29E-02,1,6.10E-06
4.72E-01,3.20E+00,1,6.10E-06
4.72E-01,3.22E+00,1,6.10E-06
4.72E-01,3.24E+00,1,6.10E-06
4.72E-01,-7.84E-03,1,6.10E-06
4.73E-01,3.24E+00,1,6.10E-06
4.73E-01,3.24E+00,1,6.10E-06
4.73E-01,3.24E+00,1,6.10E-06
4.73E-01,3.21E+00,1,6.10E-06
4.74E-01,-1.29E-02,1,6.10E-06
4.74E-01,3.22E+00,1,6.10E-06
4.74E-01,3.24E+00,1,6.10E-06
4.74E-01,3.24E+00,1,6.10E-06
4.75E-01,-1.29E-02,1,6.10E-06
4.75E-01,3.20E+00,1,6.10E-06
4.75E-01,3.23E+00,1,6.10E-06
4.75E-01,3.20E+00,1,6.10E-06
4.76E-01,3.20E+00,1,6.10E-06
4.76E-01,3.09E+00,1,6.10E-06
4.76E-01,3.21E+00,1,6.10E-06
4.76E-01,3.21E+00,1,6.10E-06
4.77E-01,3.22E+00,1,6.10E-06
4.77E-01,1.23E-02,1,6.10E-06
4.77E-01,3.24E+00,1,6.10E-06
4.77E-01,3.24E+00,1,6.10E-06
4.78E-01,3.24E+00,1,6.10E-06
4.78E-01,3.22E+00,1,6.10E-06
4.78E-01,3.21E+00,1,6.10E-06
4.78E-01,3.21E+00,1,6.10E-06
4.79E-01,3.20E+00,1,6.10E-06
4.79E-01,3.22E+00,1,6.10E-06
4.79E-01,2.23E-02,1,6.10E-06
4.79E-01,3.24E+00,1,6.10E-06
4.80E-01,3.23E+00,1,6.10E-06
4.80E-01,3.24E+00,1,6.10E-06
4.80E-01,1.48E+00,1,6.10E-06
4.80E-01,3.21E+00,1,6.10E-06
4.81E-01,3.22E+00,1,6.10E-06
4.81E-01,3.20E+00,1,6.10E-06
4.81E-01,3.24E+00,1,6.10E-06
4.81E-01,-1.29E-02,1,6.10E-06
4.82E-01,3.24E+00,1,6.10E-06
4.82E-01,3.22E+00,1,6.10E-06
4.82E-01,3.21E+00,1,6.10E-06
4.82E-01,-1.79E-02,1,6.10E-06
4.83E-01,3.23E+00,1,6.10E-06
4.83E-01,3.20E+00,1,6.10E-06
4.83E-01,3.24E+00,1,6.10E-06
4.83E-01,3.21E+00,1,6.10E-06
4.84E-01,3.20E+00,1,6.10E-06
4.84E-01,3.22E+00,1,6.10E-06
4.84E-01,3.21E+00,1,6.10E-06
4.84E-01,3.24E+00,1,6.10E-06
4.85E-01,-5.31E-02,1,6.10E-06
4.85E-01,3.19E+00,1,6.10E-06
4.85E-01,3.20E+00,1,6.10E-06
4.85E-01,3.20E+00,1,6.10E-06
4.86E-01,3.19E+00,1,6.10E-06
4.86E-01,3.20E+00,1,6.10E-06
4.86E-01,3.21E+00,1,6.10E-06
4.86E-01,3.24E+00,1,6.10E-06
4.87E-01,3.22E+00,1,6.10E-06
4.87E-01,-1.29E-02,1,6.10E-06
4.87E-01,3.21E+00,1,6.10E-06
4.87E-01,3.24E+00,1,6.10E-06
4.88E-01,3.22E+00,1,6.10E-06
4.88E-01,3.21E+00,1,6.10E-06
4.88E-01,3.20E+00,1,6.10E-06
4.88E-01,3.24E+00,1,6.10E-06
4.89E-01,3.20E+00,1,6.10E-06
4.89E-01,3.20E+00,1,6.10E-06
4.89E-01,-7.84E-03,1,6.10E-06
4.89E-01,3.17E+00,1,6.10E-06
4.90E-01,3.19E+00,1,6.10E-06
4.90E-01,3.23E+00,1,6.10E-06
4.90E-01,9.77E-02,1,6.10E-06
4.90E-01,3.24E+00,1,6.10E-06
4.91E-01,3.20E+00,1,6.10E-06
4.91E-01,,1,
