time(us),duty_cycle,degree,degree/s
1271355,0.275120,110.554615,225748.073712
1272441,0.290505,116.317974,5215.840144
1273546,0.295030,118.013080,1534.070631
1274651,0.298650,119.369164,1227.256504
1275760,0.302270,120.725249,1227.256504
1276868,0.303175,121.064270,306.814126
1277976,0.304985,121.742312,613.628252
1279083,0.309510,123.437418,1534.070631
1280191,0.310415,123.776439,306.814126
1281312,0.323085,128.522735,4295.397766
1282400,0.314035,125.132523,3068.141261
1283512,0.317655,126.488608,1227.256504
1284622,0.320370,127.505671,920.442378
1285732,0.322180,128.183714,613.628252
1286841,0.324895,129.200777,920.442378
1287945,0.327610,130.217840,920.442378
1289058,0.330325,131.234904,920.442378
1290157,0.330325,131.234904,0.000000
1291268,0.334850,132.930010,1534.070631
1292380,0.337565,133.947073,920.442378
1293486,0.339375,134.625115,613.628252
1294592,0.340280,134.964136,306.814126
1295700,0.343900,136.320221,1227.256504
1296808,0.345710,136.998263,613.628252
1297916,0.348425,138.015327,920.442378
1299020,0.349330,138.354348,306.814126
1300132,0.352045,139.371411,920.442378
1301238,0.354760,140.388474,920.442378
1302349,0.357475,141.405538,920.442378
1303448,0.357475,141.405538,0.000000
1304565,0.362000,143.100644,1534.070631
1305670,0.363810,143.778686,613.628252
1306780,0.365620,144.456728,613.628252
1307888,0.367430,145.134770,613.628252
1308994,0.371050,146.490855,1227.256504
1310104,0.372860,147.168897,613.628252
1311210,0.374670,147.846939,613.628252
1312318,0.377385,148.864003,920.442378
1313424,0.379195,149.542045,613.628252
1313756,0.677845,261.419019,224551.338383
1314527,0.382815,150.898130,100021.405113
1315640,0.384625,151.576172,613.628252
1316750,0.386435,152.254214,613.628252
1317855,0.388245,152.932256,613.628252
1318963,0.391865,154.288341,1227.256504
1320066,0.391865,154.288341,0.000000
1321179,0.394580,155.305404,920.442378
1322290,0.397295,156.322468,920.442378
1323395,0.400915,157.678552,1227.256504
1324499,0.400915,157.678552,0.000000
1325612,0.405440,159.373658,1534.070631
1326719,0.406345,159.712679,306.814126
1327824,0.410870,161.407785,1534.070631
1328928,0.409965,161.068764,306.814126
1330042,0.413585,162.424848,1227.256504
1331151,0.416300,163.441912,920.442378
1332256,1.419040,539.077328,-14150.051733
1333359,0.419920,164.797996,338722.795228
1333986,0.981925,375.330120,135268.427684
1334465,0.266070,107.164403,242689.973755
1335582,0.425350,166.832123,271800.713804
1336689,0.428970,168.188207,1227.256504
1337797,0.429875,168.527229,306.814126
1338904,0.433495,169.883313,1227.256504
1340012,0.434400,170.222334,306.814126
1341120,0.438020,171.578419,1227.256504
1342221,0.438020,171.578419,0.000000
1343335,0.442545,173.273524,1534.070631
1344443,0.444355,173.951567,613.628252
1345551,0.447975,175.307651,1227.256504
1346654,0.447975,175.307651,0.000000
1346960,0.718570,276.674970,234062.576292
1347763,0.451595,176.663736,90510.167203
1348876,0.454310,177.680799,920.442378
1349986,0.456120,178.358841,613.628252
1351091,0.458835,179.375905,920.442378
1352198,0.462455,180.731989,1227.256504
1353306,0.463360,181.071011,306.814126
1354414,0.466075,182.088074,920.442378
1355524,0.467885,182.766116,613.628252
1356628,0.470600,183.783180,920.442378
1357738,0.473315,184.800243,920.442378
1358843,0.475125,185.478285,613.628252
1359954,0.476935,186.156328,613.628252
1361061,0.478745,186.834370,613.628252
1361383,0.770155,295.999175,227005.851392
1362162,0.482365,188.190454,97566.892104
1363278,0.484175,188.868497,613.628252
1364383,0.486890,189.885560,920.442378
1365493,0.488700,190.563602,613.628252
1366602,0.492320,191.919687,1227.256504
1367703,0.492320,191.919687,0.000000
1368816,0.496845,193.614792,1534.070631
1369924,0.499560,194.631856,920.442378
1371030,0.501370,195.309898,613.628252
1372142,0.503180,195.987940,613.628252
1373248,0.504990,196.665983,613.628252
1374356,0.506800,197.344025,613.628252
1375461,0.511325,199.039131,1534.070631
1376573,0.513135,199.717173,613.628252
1377677,0.513135,199.717173,0.000000
1378786,0.515850,200.734236,920.442378
1379894,0.519470,202.090321,1227.256504
1381001,0.523090,203.446405,1227.256504
1382104,0.286885,114.961889,80078.486915
1383218,0.524900,204.124448,245107.884832
1384326,0.529425,205.819553,1534.070631
1385433,0.530330,206.158574,306.814126
1386542,0.533950,207.514659,1227.256504
1387651,0.536665,208.531722,920.442378
1388751,0.536665,208.531722,0.000000
1389863,0.540285,209.887807,1227.256504
1390973,0.542095,210.565849,613.628252
1392081,0.544810,211.582913,920.442378
1393189,0.546620,212.260955,613.628252
1394297,0.550240,213.617039,1227.256504
1395404,0.552955,214.634103,920.442378
1396505,0.552955,214.634103,0.000000
1397621,0.555670,215.651166,920.442378
1398726,0.559290,217.007251,1227.256504
1399836,0.561100,217.685293,613.628252
1400943,0.562910,218.363335,613.628252
1402049,0.565625,219.380399,920.442378
1404265,0.571055,221.414525,1840.884757
1405372,0.572865,222.092568,613.628252
1406483,0.574675,222.770610,613.628252
1407590,0.577390,223.787673,920.442378
1408697,0.580105,224.804737,920.442378
1409802,0.582820,225.821800,920.442378
1410913,0.584630,226.499842,613.628252
1412020,0.585535,226.838864,306.814126
1413127,0.589155,228.194948,1227.256504
1414238,0.590965,228.872990,613.628252
1415343,0.593680,229.890054,920.442378
1416451,0.596395,230.907117,920.442378
1417560,0.598205,231.585159,613.628252
1418668,0.600015,232.263202,613.628252
1419775,0.602730,233.280265,920.442378
1420881,0.607255,234.975371,1534.070631
1421990,0.609065,235.653413,613.628252
1423097,0.609970,235.992434,306.814126
1424205,0.612685,237.009498,920.442378
1425310,0.616305,238.365582,1227.256504
1426422,0.618115,239.043624,613.628252
1427531,0.619020,239.382646,306.814126
1428636,0.622640,240.738730,1227.256504
1429745,0.625355,241.755793,920.442378
1430853,0.628070,242.772857,920.442378
1431961,0.628975,243.111878,306.814126
1433068,0.631690,244.128941,920.442378
1434176,0.633500,244.806984,613.628252
1435284,0.638025,246.502089,1534.070631
1436391,0.639835,247.180132,613.628252
1437494,0.639835,247.180132,0.000000
1438605,0.643455,248.536216,1227.256504
1439716,0.647075,249.892301,1227.256504
1440824,0.647980,250.231322,306.814126
1441932,0.650695,251.248385,920.442378
1443040,0.653410,252.265449,920.442378
1444145,0.657030,253.621533,1227.256504
1445254,0.657935,253.960554,306.814126
1446364,0.661555,255.316639,1227.256504
1447470,0.662460,255.655660,306.814126
1448580,0.665175,256.672723,920.442378
1449685,0.667890,257.689787,920.442378
1450797,0.671510,259.045871,1227.256504
1451903,0.673320,259.723914,613.628252
1453009,0.675130,260.401956,613.628252
1454119,0.676940,261.079998,613.628252
1455225,0.678750,261.758040,613.628252
1456333,0.683275,263.453146,1534.070631
1457441,0.684180,263.792167,306.814126
1458551,0.686895,264.809231,920.442378
1459659,0.690515,266.165315,1227.256504
1460764,0.691420,266.504336,306.814126
1461872,0.695040,267.860421,1227.256504
1462981,0.696850,268.538463,613.628252
1464089,0.700470,269.894548,1227.256504
1465196,0.702280,270.572590,613.628252
1466295,0.702280,270.572590,0.000000
1467411,0.706805,272.267696,1534.070631
1468520,0.709520,273.284759,920.442378
1469626,0.710425,273.623780,306.814126
1470736,0.714045,274.979865,1227.256504
1471839,0.716760,275.996928,920.442378
1472943,0.716760,275.996928,0.000000
1474057,0.720380,277.353013,1227.256504
1475165,0.723095,278.370076,920.442378
1476272,0.726715,279.726160,1227.256504
1477381,0.728525,280.404203,613.628252
1478490,0.732145,281.760287,1227.256504
1479592,0.732145,281.760287,0.000000
1480704,0.734860,282.777351,920.442378
1481814,0.737575,283.794414,920.442378
1482919,0.740290,284.811477,920.442378
1484026,0.741195,285.150499,306.814126
1485133,0.744815,286.506583,1227.256504
1486242,0.747530,287.523647,920.442378
1487346,0.744815,286.506583,920.442378
1488458,0.752055,289.218752,2454.513009
1489568,0.753865,289.896794,613.628252
1490674,0.755675,290.574837,613.628252
1491779,0.760200,292.269942,1534.070631
1492888,0.762010,292.947985,613.628252
1493998,0.762915,293.287006,306.814126
1495104,0.766535,294.643090,1227.256504
1496212,0.768345,295.321133,613.628252
1497320,0.771965,296.677217,1227.256504
1498421,0.770155,295.999175,613.628252
1499535,0.775585,298.033302,1840.884757
1500640,0.778300,299.050365,920.442378
1501751,0.780110,299.728407,613.628252
1502861,0.781015,300.067428,306.814126
1503961,0.780110,299.728407,306.814126
1505075,0.787350,302.440576,2454.513009
1506180,0.789160,303.118619,613.628252
1507291,0.793685,304.813724,1534.070631
1508392,0.793685,304.813724,0.000000
1509506,0.797305,306.169809,1227.256504
1510606,0.794590,305.152745,920.442378
1511721,0.800020,307.186872,1840.884757
1512828,0.803640,308.542957,1227.256504
1513930,0.799115,306.847851,1534.070631
1515043,0.804545,308.881978,1840.884757
1516144,0.800925,307.525893,1227.256504
1517261,0.812690,311.933168,3988.583639
1518365,0.815405,312.950232,920.442378
1519470,0.803640,308.542957,3988.583639
1520584,1.806380,684.178373,-14150.051733
1521685,0.822645,315.662401,333506.955085
1522792,0.821740,315.323380,306.814126
1523902,0.809070,310.577084,4295.397766
1525014,0.829885,318.374570,7056.724901
1526120,0.831695,319.052612,613.628252
1527227,0.834410,320.069675,920.442378
1528334,0.837125,321.086739,920.442378
1529438,0.834410,320.069675,920.442378
1530551,0.835315,320.408697,306.814126
1531658,0.836220,320.747718,306.814126
1532770,1.838960,696.383134,-14150.051733
1533869,0.826265,317.018485,343325.007120
1534981,0.838935,321.764781,4295.397766
1536086,0.838030,321.425760,306.814126
1537198,0.841650,322.781844,1227.256504
1538304,0.835315,320.408697,2147.698883
1539410,0.831695,319.052612,1227.256504
1540524,0.840745,322.442823,3068.141261
1541623,0.834410,320.069675,2147.698883
1542737,0.842555,323.120866,2761.327135
1543841,0.834410,320.069675,2761.327135
1544953,0.839840,322.103802,1840.884757
1546056,0.833505,319.730654,2147.698883
1547171,0.838935,321.764781,1840.884757
1548279,1.842580,697.739218,-14456.865859
1549379,0.832600,319.391633,342404.564742
1550495,1.835340,695.027049,-14150.051733
1551595,0.828980,318.035549,341177.308237
1552708,0.842555,323.120866,4602.211892
1553811,0.839840,322.103802,920.442378
1554926,0.841650,322.781844,613.628252
1556025,0.833505,319.730654,2761.327135
1557140,0.843460,323.459887,3374.955387
1558247,1.845295,698.756282,-13843.237607
1559348,0.831695,319.052612,343631.821246
1560462,0.834410,320.069675,920.442378
1561567,0.832600,319.391633,613.628252
1562681,0.838935,321.764781,2147.698883
1563780,0.829885,318.374570,3068.141261
1564889,0.495940,193.275771,113214.412536
1566004,0.836220,320.747718,210437.888582
1567104,0.829885,318.374570,2147.698883
1568220,0.841650,322.781844,3988.583639
1569320,0.838935,321.764781,920.442378
1570431,0.832600,319.391633,2147.698883
1571537,0.831695,319.052612,306.814126
1572648,0.843460,323.459887,3988.583639
1573754,0.836220,320.747718,2454.513009
1574868,0.838030,321.425760,613.628252
1575974,1.840770,697.061176,-14150.051733
1577076,0.828980,318.035549,343018.192994
1578192,1.831720,693.670965,-14150.051733
1579290,0.831695,319.052612,339029.609355
1580407,0.841650,322.781844,3374.955387
1581505,0.825360,316.679464,5522.654270
1582623,0.839840,322.103802,4909.026018
1583729,1.843485,698.078240,-14456.865859
1584829,0.828980,318.035549,343938.635372
1585944,0.839840,322.103802,3681.769513
1587046,0.833505,319.730654,2147.698883
1588159,0.841650,322.781844,2761.327135
1589262,0.837125,321.086739,1534.070631
1590374,0.839840,322.103802,920.442378
1591478,0.831695,319.052612,2761.327135
1592584,0.829885,318.374570,613.628252
1593757,0.035295,20.714014,269382.802727
1594873,0.038010,21.731078,920.442378
1595979,0.039820,22.409120,613.628252
1597080,0.039820,22.409120,0.000000
1598196,0.043440,23.765204,1227.256504
1599304,0.047060,25.121289,1227.256504
1600411,0.048870,25.799331,613.628252
1601520,0.051585,26.816395,920.442378
1602628,0.054300,27.833458,920.442378
1603734,0.057015,28.850521,920.442378
1604842,0.058825,29.528564,613.628252
1605951,0.060635,30.206606,613.628252
1606810,0.837125,321.086739,62553.479795
1607053,0.055205,28.172479,265087.404961
1608168,0.063350,31.223669,2761.327135
1609275,0.067875,32.918775,1534.070631
1610384,0.068780,33.257796,306.814126
1611492,0.074210,35.291923,1840.884757
1612469,0.955680,365.498507,26963.041166
1613701,0.078735,36.987029,297302.888203
1614815,0.079640,37.326050,306.814126
1615925,0.083260,38.682134,1227.256504
1617033,0.085975,39.699198,920.442378
1618139,0.086880,40.038219,306.814126
1619248,0.089595,41.055282,920.442378
1620355,0.093215,42.411367,1227.256504
1621464,0.094120,42.750388,306.814126
1622569,0.096835,43.767451,920.442378
1623679,0.097740,44.106472,306.814126
1624786,0.102265,45.801578,1534.070631
1625895,0.104980,46.818642,920.442378
1627003,0.107695,47.835705,920.442378
1628105,0.107695,47.835705,0.000000
1629220,0.111315,49.191789,1227.256504
1630325,0.114935,50.547874,1227.256504
1631434,0.115840,50.886895,306.814126
1632545,0.119460,52.242980,1227.256504
1633653,0.120365,52.582001,306.814126
1634758,0.123985,53.938085,1227.256504
1635866,0.125795,54.616128,613.628252
1636974,0.129415,55.972212,1227.256504
1638077,0.129415,55.972212,0.000000
1639191,0.133035,57.328297,1227.256504
1640299,0.133940,57.667318,306.814126
1641407,0.138465,59.362423,1534.070631
1642513,0.141180,60.379487,920.442378
1643623,0.142990,61.057529,613.628252
1644731,0.143895,61.396550,306.814126
1645838,0.147515,62.752635,1227.256504
1646945,0.151135,64.108719,1227.256504
1648055,0.152945,64.786762,613.628252
1649163,0.153850,65.125783,306.814126
1650272,0.157470,66.481867,1227.256504
1651381,0.160185,67.498931,920.442378
1652486,0.162900,68.515994,920.442378
1653595,0.164710,69.194036,613.628252
1654700,0.165615,69.533057,306.814126
1655812,0.169235,70.889142,1227.256504
1656920,0.171950,71.906205,920.442378
1658027,0.174665,72.923269,920.442378
1659126,0.174665,72.923269,0.000000
1659752,0.735765,283.116372,135575.241810
1660236,0.179190,74.618374,188690.687559
1661343,0.179190,74.618374,0.000000
1662457,0.182810,75.974459,1227.256504
1663564,0.186430,77.330544,1227.256504
1664676,0.189145,78.347607,920.442378
1665779,0.190955,79.025649,613.628252
1666891,0.193670,80.042713,920.442378
1667998,0.196385,81.059776,920.442378
1669106,0.199100,82.076839,920.442378
1670215,0.200005,82.415861,306.814126
1671320,0.202720,83.432924,920.442378
1672427,0.205435,84.449987,920.442378
1673537,0.208150,85.467051,920.442378
1674645,0.209055,85.806072,306.814126
1675754,0.211770,86.823135,920.442378
1676862,0.215390,88.179220,1227.256504
1677968,0.217200,88.857262,613.628252
1679074,0.220820,90.213347,1227.256504
1680179,0.220820,90.213347,0.000000
1681296,0.224440,91.569431,1227.256504
1682399,0.227155,92.586495,920.442378
1683509,0.230775,93.942579,1227.256504
1684612,0.230775,93.942579,0.000000
1685725,0.235300,95.637685,1534.070631
1686830,0.235300,95.637685,0.000000
1687941,0.239825,97.332790,1534.070631
1689049,0.242540,98.349854,920.442378
1690158,0.244350,99.027896,613.628252
1691265,0.245255,99.366917,306.814126
1692371,0.249780,101.062023,1534.070631
1693479,0.250685,101.401044,306.814126
1694591,0.253400,102.418107,920.442378
1695698,0.255210,103.096150,613.628252
1696803,0.258830,104.452234,1227.256504
1697912,0.260640,105.130277,613.628252
1699019,0.263355,106.147340,920.442378
1700130,0.264260,106.486361,306.814126
1701236,0.268785,108.181467,1534.070631
1702345,0.270595,108.859509,613.628252
1703451,0.271500,109.198530,306.814126
1704560,0.274215,110.215594,920.442378
1705667,0.276025,110.893636,613.628252
1706778,1.278765,486.529052,-14150.051733
1707876,0.281455,112.927763,338109.166976
1708988,0.284170,113.944826,920.442378
1710097,0.286885,114.961889,920.442378
1711206,0.289600,115.978953,920.442378
1712313,0.290505,116.317974,306.814126
1713419,0.294125,117.674058,1227.256504
1714528,0.295030,118.013080,306.814126
1715637,0.298650,119.369164,1227.256504
1716743,0.299555,119.708185,306.814126
1717851,0.303175,121.064270,1227.256504
1718961,0.305890,122.081333,920.442378
1719239,0.556575,215.990187,240812.487067
1720061,0.307700,122.759376,84373.884681
1721177,0.309510,123.437418,613.628252
1722283,0.312225,124.454481,920.442378
1722850,0.822645,315.662401,152756.832872
1723389,0.314035,125.132523,172429.538875
1724501,0.317655,126.488608,1227.256504
1725609,0.319465,127.166650,613.628252
1726716,0.321275,127.844693,613.628252
1727127,0.695040,267.860421,199085.765915
1727819,0.323990,128.861756,125793.791706
1728932,0.325800,129.539798,613.628252
1730038,0.327610,130.217840,613.628252
1731147,0.331230,131.573925,1227.256504
1732254,0.333945,132.590988,920.442378
1733358,0.333945,132.590988,0.000000
1734469,0.337565,133.947073,1227.256504
1735583,0.341185,135.303157,1227.256504
1736688,0.343900,136.320221,920.442378
1737792,0.343900,136.320221,0.000000
1738904,0.348425,138.015327,1534.070631
1740012,0.349330,138.354348,306.814126
1740571,0.857035,328.545204,153677.275251
1741113,0.321275,127.844693,181633.962659
1742226,0.354760,140.388474,314447.877334
1743333,0.358380,141.744559,1227.256504
1744436,0.358380,141.744559,0.000000
1744846,0.722190,278.031055,202460.721303
1745544,0.361095,142.761622,122418.836319
1746657,0.363810,143.778686,920.442378
1747766,0.367430,145.134770,1227.256504
1748873,0.369240,145.812813,613.628252
1749979,0.371050,146.490855,613.628252
1751087,0.371955,146.829876,306.814126
1752196,0.376480,148.524982,1534.070631
1753304,0.379195,149.542045,920.442378
1754410,0.381005,150.220087,613.628252
1755515,0.381005,150.220087,0.000000
1756628,0.386435,152.254214,1840.884757
1757734,0.388245,152.932256,613.628252
1758845,0.389150,153.271278,306.814126
1759947,0.392770,154.627362,1227.256504
1761058,0.393675,154.966383,306.814126
1762166,0.397295,156.322468,1227.256504
1763278,0.400010,157.339531,920.442378
1764383,0.400915,157.678552,306.814126
1765494,0.403630,158.695616,920.442378
1766599,0.407250,160.051700,1227.256504
1767708,0.408155,160.390721,306.814126
1768816,0.410870,161.407785,920.442378
1769923,0.411775,161.746806,306.814126
1771031,0.415395,163.102890,1227.256504
1772139,0.416300,163.441912,306.814126
1773248,0.420825,165.137017,1534.070631
1774354,0.421730,165.476038,306.814126
1775462,0.425350,166.832123,1227.256504
1776569,0.427160,167.510165,613.628252
1777680,0.430780,168.866250,1227.256504
1778787,0.432590,169.544292,613.628252
1779896,0.435305,170.561355,920.442378
1780997,0.435305,170.561355,0.000000
1782107,0.439830,172.256461,1534.070631
1783216,0.441640,172.934503,613.628252
1784328,0.443450,173.612546,613.628252
1785436,0.446165,174.629609,920.442378
1786539,0.448880,175.646672,920.442378
1787647,0.451595,176.663736,920.442378
1788756,0.452500,177.002757,306.814126
1789866,0.456120,178.358841,1227.256504
1790972,0.457025,178.697863,306.814126
1792079,0.461550,180.392968,1534.070631
1793188,0.462455,180.731989,306.814126
1794295,0.463360,181.071011,306.814126
1795406,0.467885,182.766116,1534.070631
1796514,0.470600,183.783180,920.442378
1797621,0.471505,184.122201,306.814126
1798728,0.473315,184.800243,613.628252
1799838,0.476030,185.817306,920.442378
1800945,0.477840,186.495349,613.628252
1802053,0.481460,187.851433,1227.256504
1803162,0.484175,188.868497,920.442378
1804268,0.485985,189.546539,613.628252
1805374,0.489605,190.902623,1227.256504
1806486,0.490510,191.241645,306.814126
1807593,0.494130,192.597729,1227.256504
1808694,0.494130,192.597729,0.000000
1809138,0.891425,341.428007,191108.598637
1809800,0.434400,170.222334,154941.133687
1810917,0.499560,194.631856,303709.382920
1812023,0.504085,196.326962,1534.070631
1813133,0.504990,196.665983,306.814126
1814238,0.508610,198.022067,1227.256504
1815336,0.508610,198.022067,0.000000
1816457,0.512230,199.378152,1227.256504
1817563,0.514040,200.056194,613.628252
1818672,0.518565,201.751300,1534.070631
1819772,0.518565,201.751300,0.000000
1820887,0.522185,203.107384,1227.256504
1821997,0.523995,203.785426,613.628252
1823103,0.526710,204.802490,920.442378
1824209,0.527615,205.141511,306.814126
1825319,0.531235,206.497596,1227.256504
1826426,0.533045,207.175638,613.628252
1827533,0.535760,208.192701,920.442378
1828643,0.536665,208.531722,306.814126
1829750,0.541190,210.226828,1534.070631
1830857,0.543000,210.904870,613.628252
1831965,0.544810,211.582913,613.628252
1833072,0.547525,212.599976,920.442378
1834178,0.549335,213.278018,613.628252
1835292,0.552955,214.634103,1227.256504
1836388,0.552955,214.634103,0.000000
1837509,0.556575,215.990187,1227.256504
1838610,0.557480,216.329208,306.814126
1839721,0.561100,217.685293,1227.256504
1840828,0.562910,218.363335,613.628252
1841935,0.564720,219.041378,613.628252
1843044,0.567435,220.058441,920.442378
1844152,0.570150,221.075504,920.442378
1845259,0.572865,222.092568,920.442378
1846368,0.574675,222.770610,613.628252
1847475,0.576485,223.448652,613.628252
1848583,0.580105,224.804737,1227.256504
1849691,0.581010,225.143758,306.814126
1850797,0.585535,226.838864,1534.070631
1851907,0.587345,227.516906,613.628252
1852132,0.790970,303.796661,256766.821625
1853009,0.590060,228.533969,68112.735997
1854123,0.591870,229.212012,613.628252
1855230,0.595490,230.568096,1227.256504
1856334,0.595490,230.568096,0.000000
1857446,0.600015,232.263202,1534.070631
1858553,0.601825,232.941244,613.628252
1859662,0.604540,233.958307,920.442378
1860768,0.607255,234.975371,920.442378
1861869,0.607255,234.975371,0.000000
1862986,0.610875,236.331455,1227.256504
1864095,0.612685,237.009498,613.628252
1865200,0.616305,238.365582,1227.256504
1866310,0.618115,239.043624,613.628252
1867420,0.619020,239.382646,306.814126
1868524,0.623545,241.077751,1534.070631
1869630,0.626260,242.094815,920.442378
1870741,0.627165,242.433836,306.814126
1871848,0.630785,243.789920,1227.256504
1872957,0.632595,244.467963,613.628252
1874064,0.634405,245.146005,613.628252
1875171,0.636215,245.824047,613.628252
1876281,0.639835,247.180132,1227.256504
1877389,0.642550,248.197195,920.442378
1878497,0.645265,249.214258,920.442378
1879604,0.646170,249.553280,306.814126
1880710,0.649790,250.909364,1227.256504
1881811,0.649790,250.909364,0.000000
1882928,0.654315,252.604470,1534.070631
1884036,0.656125,253.282512,613.628252
1885140,0.658840,254.299575,920.442378
1886248,0.660650,254.977618,613.628252
1887360,0.663365,255.994681,920.442378
1888465,0.664270,256.333702,306.814126
1889575,0.667890,257.689787,1227.256504
1890683,0.669700,258.367829,613.628252
1891791,0.671510,259.045871,613.628252
1892899,0.674225,260.062935,920.442378
1894006,0.676035,260.740977,613.628252
1894257,0.903190,345.835282,248789.654346
1895110,0.601825,232.941244,102169.103996
1896224,0.681465,262.775104,298800.356902
1897331,0.683275,263.453146,613.628252
1898436,0.685990,264.470209,920.442378
1899547,0.689610,265.826294,1227.256504
1900647,0.689610,265.826294,0.000000
1901764,0.692325,266.843357,920.442378
1902868,0.695945,268.199442,1227.256504
1903976,0.696850,268.538463,306.814126
1905087,0.700470,269.894548,1227.256504
1906192,0.701375,270.233569,306.814126
1907301,0.704995,271.589653,1227.256504
1908411,0.708615,272.945738,1227.256504
1909509,0.708615,272.945738,0.000000
1910624,0.711330,273.962801,920.442378
1911732,0.713140,274.640843,613.628252
1912838,0.715855,275.657907,920.442378
1913948,0.718570,276.674970,920.442378
1915056,0.720380,277.353013,613.628252
1916164,0.723095,278.370076,920.442378
1917275,0.724905,279.048118,613.628252
1918379,0.727620,280.065182,920.442378
1919489,0.733050,282.099308,1840.884757
1920600,0.733955,282.438330,306.814126
1921701,0.733955,282.438330,0.000000
1922813,0.736670,283.455393,920.442378
1923920,0.741195,285.150499,1534.070631
1925028,0.742100,285.489520,306.814126
1926136,0.743910,286.167562,613.628252
1927244,0.746625,287.184625,920.442378
1928351,0.750245,288.540710,1227.256504
1929453,0.750245,288.540710,0.000000
1930566,0.752960,289.557773,920.442378
1931677,0.756580,290.913858,1227.256504
1932783,0.759295,291.930921,920.442378
1933894,0.761105,292.608964,613.628252
1935000,0.762915,293.287006,613.628252
1936107,0.763820,293.626027,306.814126
1937216,0.768345,295.321133,1534.070631
1938322,0.769250,295.660154,306.814126
1939430,0.771060,296.338196,613.628252
1940537,0.773775,297.355259,920.442378
1941645,0.777395,298.711344,1227.256504
1942754,0.779205,299.389386,613.628252
1943864,0.781015,300.067428,613.628252
1944966,0.780110,299.728407,306.814126
1946080,0.783730,301.084492,1227.256504
1947186,0.788255,302.779598,1534.070631
1948293,0.790970,303.796661,920.442378
1949397,0.788255,302.779598,920.442378
1950512,0.794590,305.152745,2147.698883
1951622,0.796400,305.830788,613.628252
1952727,0.800020,307.186872,1227.256504
1953833,0.801830,307.864915,613.628252
1954937,0.801830,307.864915,0.000000
1956048,0.804545,308.881978,920.442378
1957152,0.800925,307.525893,1227.256504
1958263,0.810880,311.255126,3374.955387
1959374,0.812690,311.933168,613.628252
1960477,0.801830,307.864915,3681.769513
1961583,0.801830,307.864915,0.000000
1962696,0.815405,312.950232,4602.211892
1963803,0.818120,313.967295,920.442378
1964912,0.819930,314.645337,613.628252
1966019,0.822645,315.662401,920.442378
1967126,0.828075,317.696527,1840.884757
1968233,0.832600,319.391633,1534.070631
1969344,1.835340,695.027049,-14150.051733
1970446,0.819930,314.645337,344245.449498
1971558,0.832600,319.391633,4295.397766
1972660,0.831695,319.052612,306.814126
1973774,0.838935,321.764781,2454.513009
1974876,0.834410,320.069675,1534.070631
1975989,0.838935,321.764781,1534.070631
1977090,0.837125,321.086739,613.628252
1978205,0.841650,322.781844,1534.070631
1979311,0.837125,321.086739,1534.070631
1980416,0.833505,319.730654,1227.256504
1981523,0.833505,319.730654,0.000000
1982636,0.850700,326.172056,5829.468396
1983740,0.832600,319.391633,6136.282522
1984851,0.838935,321.764781,2147.698883
1985956,0.838030,321.425760,306.814126
1987068,0.838935,321.764781,306.814126
1988171,0.835315,320.408697,1227.256504
1989286,0.840745,322.442823,1840.884757
1990387,0.834410,320.069675,2147.698883
1991494,0.830790,318.713591,1227.256504
1992604,0.842555,323.120866,3988.583639
1993713,0.840745,322.442823,613.628252
1994818,0.838030,321.425760,920.442378
1995932,0.843460,323.459887,1840.884757
1997034,0.837125,321.086739,2147.698883
1998146,0.838030,321.425760,306.814126
1999257,0.843460,323.459887,1840.884757
2000365,1.846200,699.095303,-14150.051733
2001463,0.820835,314.984358,347620.404886
2002581,1.824480,690.958796,-14456.865859
2003683,0.825360,316.679464,338722.795228
2004798,0.836220,320.747718,3681.769513
2005897,0.832600,319.391633,1227.256504
2007013,1.835340,695.027049,-14150.051733
2008114,0.827170,317.357506,341790.936490
2009226,1.830815,693.331944,-14456.865859
2010327,0.826265,317.018485,340563.679985
2011443,1.829005,692.653901,-14150.051733
2012546,0.823550,316.001422,340870.494111
2013658,0.832600,319.391633,3068.141261
2014760,0.832600,319.391633,0.000000
2015875,0.844365,323.798908,3988.583639
2016975,0.836220,320.747718,2761.327135
2018089,0.844365,323.798908,2761.327135
2019191,0.837125,321.086739,2454.513009
2020305,0.841650,322.781844,1534.070631
2021408,0.836220,320.747718,1840.884757
2022513,0.835315,320.408697,306.814126
2023631,0.842555,323.120866,2454.513009
2024728,0.830790,318.713591,3988.583639
2025847,1.833530,694.349007,-14150.051733
2026947,0.829885,318.374570,340256.865859
2028061,0.832600,319.391633,920.442378
2029169,0.835315,320.408697,920.442378
2030275,0.837125,321.086739,613.628252
2031378,0.836220,320.747718,306.814126
2032487,0.431685,169.205271,137145.914372
2033599,0.838030,321.425760,188040.457375
2034700,0.831695,319.052612,2147.698883
2035813,1.832625,694.009986,-13536.423481
2036913,0.829885,318.374570,339950.051733
2038090,0.036200,21.053035,269075.988601
2039204,0.038010,21.731078,613.628252
2040312,0.040725,22.748141,920.442378
2041418,0.043440,23.765204,920.442378
2042529,0.045250,24.443247,613.628252
2043636,0.047965,25.460310,920.442378
2044742,0.048870,25.799331,306.814126
2045012,0.291410,116.656995,243573.814202
2045846,0.053395,27.494437,80692.115168
2046960,0.055205,28.172479,613.628252
2048068,0.057920,29.189543,920.442378
2049174,0.059730,29.867585,613.628252
2050280,0.062445,30.884648,920.442378
2051390,0.064255,31.562691,613.628252
2052501,0.066970,32.579754,920.442378
2053606,0.067875,32.918775,306.814126
2054715,0.071495,34.274860,1227.256504
2055823,0.074210,35.291923,920.442378
2056931,0.076020,35.969965,613.628252
2058037,0.077830,36.648008,613.628252
2059146,0.080545,37.665071,920.442378
2060254,0.083260,38.682134,920.442378
2061363,0.084165,39.021155,306.814126
2062468,0.087785,40.377240,1227.256504
2063579,0.088690,40.716261,306.814126
2064684,0.093215,42.411367,1534.070631
2065794,0.094120,42.750388,306.814126
2066903,0.097740,44.106472,1227.256504
2068010,0.098645,44.445494,306.814126
2068732,0.753865,289.896794,103666.572694
2069111,0.101360,45.462557,221212.984927
2070224,0.103170,46.140599,613.628252
2071331,0.106790,47.496684,1227.256504
2072441,0.108600,48.174726,613.628252
2073551,0.111315,49.191789,920.442378
2074656,0.112220,49.530811,306.814126
2075764,0.116745,51.225916,1534.070631
2076739,0.997310,381.093479,27269.855292
2077974,0.121270,52.921022,296996.074077
2079090,0.122175,53.260043,306.814126
2079602,0.589155,228.194948,167483.910926
2080188,0.125795,54.616128,157088.832570
2081304,0.128510,55.633191,920.442378
2082410,0.131225,56.650254,920.442378
2083519,0.132130,56.989276,306.814126
2084624,0.134845,58.006339,920.442378
2085734,0.137560,59.023402,920.442378
2086845,0.138465,59.362423,306.814126
2087951,0.140275,60.040466,613.628252
2089058,0.143895,61.396550,1227.256504
2090164,0.146610,62.413614,920.442378
2091275,0.148420,63.091656,613.628252
2092384,0.149325,63.430677,306.814126
2093493,0.156565,66.142846,2454.513009
2094592,0.156565,66.142846,0.000000
2095706,0.157470,66.481867,306.814126
2096812,0.160185,67.498931,920.442378
2097924,0.162900,68.515994,920.442378
2099031,0.165615,69.533057,920.442378
2100135,0.167425,70.211100,613.628252
2101241,0.171045,71.567184,1227.256504
2102346,0.171045,71.567184,0.000000
2103458,0.174665,72.923269,1227.256504
2104569,0.176475,73.601311,613.628252
2105372,0.905000,346.513324,78814.628479
2105669,0.098645,44.445494,273371.386366
2106786,0.181000,75.296417,297879.914524
2107893,0.184620,76.652501,1227.256504
2108998,0.185525,76.991522,306.814126
2110107,0.189145,78.347607,1227.256504
2111217,0.190050,78.686628,306.814126
2112324,0.193670,80.042713,1227.256504
2113430,0.196385,81.059776,920.442378
2114539,0.198195,81.737818,613.628252
2115369,0.951155,363.803402,70530.647074
2115641,0.080545,37.665071,295155.189320
2116754,0.202720,83.432924,284380.092975
2117861,0.206340,84.789009,1227.256504
2118971,0.208150,85.467051,613.628252
2120080,0.210865,86.484114,920.442378
2121185,0.212675,87.162156,613.628252
2122292,0.216295,88.518241,1227.256504
2123402,0.218105,89.196283,613.628252
2124509,0.219915,89.874326,613.628252
2125620,0.222630,90.891389,920.442378
2126728,0.223535,91.230410,306.814126
2127834,0.227155,92.586495,1227.256504
2128946,0.228060,92.925516,306.814126
2130048,0.229870,93.603558,613.628252
2131157,0.233490,94.959643,1227.256504
2132266,0.236205,95.976706,920.442378
2133373,0.239825,97.332790,1227.256504
2134482,0.241635,98.010833,613.628252
2135588,0.243445,98.688875,613.628252
2136699,0.246160,99.705938,920.442378
2137806,0.249780,101.062023,1227.256504
2138912,0.250685,101.401044,306.814126
2140019,0.252495,102.079086,613.628252
2141130,0.255210,103.096150,920.442378
2142235,0.258830,104.452234,1227.256504
2143346,0.259735,104.791255,306.814126
2144453,0.262450,105.808319,920.442378
2145559,0.263355,106.147340,306.814126
2146668,0.266070,107.164403,920.442378
2147774,0.268785,108.181467,920.442378
2148884,0.271500,109.198530,920.442378
2149991,0.272405,109.537551,306.814126
2151100,0.276025,110.893636,1227.256504
2152208,0.277835,111.571678,613.628252
2153316,0.281455,112.927763,1227.256504
2154425,0.284170,113.944826,920.442378
2155530,0.285980,114.622868,613.628252
2156639,0.287790,115.300911,613.628252
2157746,0.290505,116.317974,920.442378
2158854,0.293220,117.335037,920.442378
2159962,0.295030,118.013080,613.628252
2161069,0.296840,118.691122,613.628252
2162180,0.300460,120.047206,1227.256504
2163285,0.302270,120.725249,613.628252
2164392,0.304985,121.742312,920.442378
2165503,0.307700,122.759376,920.442378
2166609,0.309510,123.437418,613.628252
2167717,0.312225,124.454481,920.442378
2168825,0.313130,124.793502,306.814126
2169932,0.314940,125.471545,613.628252
2171041,0.318560,126.827629,1227.256504
2172151,0.321275,127.844693,920.442378
2173257,0.323085,128.522735,613.628252
2174367,0.324895,129.200777,613.628252
2175472,0.327610,130.217840,920.442378
2176581,0.331230,131.573925,1227.256504
2177690,0.332135,131.912946,306.814126
2178797,0.335755,133.269031,1227.256504
2179907,0.336660,133.608052,306.814126
2181015,0.339375,134.625115,920.442378
2182120,0.341185,135.303157,613.628252
2183228,0.345710,136.998263,1534.070631
2184330,0.345710,136.998263,0.000000
2185443,0.350235,138.693369,1534.070631
2186552,0.352950,139.710432,920.442378
2187660,0.354760,140.388474,613.628252
2188769,0.355665,140.727496,306.814126
2189876,0.359285,142.083580,1227.256504
2190983,0.360190,142.422601,306.814126
2192091,0.364715,144.117707,1534.070631
2193198,0.366525,144.795749,613.628252
2194308,0.369240,145.812813,920.442378
2195408,0.369240,145.812813,0.000000
2196522,0.373765,147.507918,1534.070631
2197632,0.376480,148.524982,920.442378
2198742,0.378290,149.203024,613.628252
2199849,0.379195,149.542045,306.814126
2200956,0.382815,150.898130,1227.256504
2202064,0.385530,151.915193,920.442378
2203166,0.385530,151.915193,0.000000
2204280,0.389150,153.271278,1227.256504
2205389,0.391865,154.288341,920.442378
2206499,0.394580,155.305404,920.442378
2207605,0.397295,156.322468,920.442378
2208712,0.398200,156.661489,306.814126
2209823,0.400010,157.339531,613.628252
2210928,0.403630,158.695616,1227.256504
2212037,0.406345,159.712679,920.442378
2213145,0.407250,160.051700,306.814126
2214255,0.409060,160.729742,613.628252
2215361,0.413585,162.424848,1534.070631
2216466,0.414490,162.763869,306.814126
2217576,0.418110,164.119954,1227.256504
2218681,0.419015,164.458975,306.814126
2219790,0.422635,165.815059,1227.256504
2220899,0.424445,166.493102,613.628252
2222008,0.427160,167.510165,920.442378
2223114,0.428065,167.849186,306.814126
2224224,0.431685,169.205271,1227.256504
2225329,0.432590,169.544292,306.814126
2226438,0.436210,170.900377,1227.256504
2227035,0.975590,372.956972,142938.780837
2227538,0.293220,117.335037,231337.851089
2228654,0.441640,172.934503,275482.483318
2229755,0.441640,172.934503,0.000000
2230868,0.446165,174.629609,1534.070631
2231976,0.448880,175.646672,920.442378
2233085,0.450690,176.324715,613.628252
2234196,0.453405,177.341778,920.442378
2235304,0.455215,178.019820,613.628252
2236410,0.457930,179.036884,920.442378
2237517,0.458835,179.375905,306.814126
2238627,0.461550,180.392968,920.442378
2239737,0.463360,181.071011,613.628252
2240840,0.466980,182.427095,1227.256504
2241945,0.466980,182.427095,0.000000
2243058,0.469695,183.444158,920.442378
2244165,0.472410,184.461222,920.442378
2245272,0.476030,185.817306,1227.256504
2246381,0.476935,186.156328,306.814126
2247491,0.481460,187.851433,1534.070631
2248595,0.481460,187.851433,0.000000
2249705,0.485985,189.546539,1534.070631
2250815,0.487795,190.224581,613.628252
2251922,0.489605,190.902623,613.628252
2253027,0.492320,191.919687,920.442378
2254136,0.494130,192.597729,613.628252
2255245,0.495940,193.275771,613.628252
2256355,0.498655,194.292835,920.442378
2257459,0.500465,194.970877,613.628252
2258572,1.503205,570.606293,-14150.051733
2259670,0.505895,197.005004,338109.166976
2260785,0.507705,197.683046,613.628252
2261892,0.510420,198.700109,920.442378
2262999,0.513135,199.717173,920.442378
2264108,0.514945,200.395215,613.628252
2264621,0.978305,373.974036,168711.167430
2265209,0.366525,144.795749,207406.349252
2266325,0.519470,202.090321,273948.412687
2267432,0.523090,203.446405,1227.256504
2268534,0.523090,203.446405,0.000000
2269647,0.528520,205.480532,1840.884757
2270754,0.529425,205.819553,306.814126
2271099,0.841650,322.781844,219949.126491
2271855,0.515850,200.734236,110453.085401
2272971,0.533045,207.175638,5829.468396
2274079,0.536665,208.531722,1227.256504
2275187,0.538475,209.209765,613.628252
2276295,0.541190,210.226828,920.442378
2277404,0.542095,210.565849,306.814126
2278513,0.544810,211.582913,920.442378
2279617,0.549335,213.278018,1534.070631
2280726,0.550240,213.617039,306.814126
2281837,0.551145,213.956061,306.814126
2282941,0.554765,215.312145,1227.256504
2284049,0.558385,216.668230,1227.256504
2285155,0.559290,217.007251,306.814126
2286265,0.561100,217.685293,613.628252
2287369,0.563815,218.702356,920.442378
2288481,0.567435,220.058441,1227.256504
2289591,0.568340,220.397462,306.814126
2290696,0.571960,221.753547,1227.256504
2291804,0.573770,222.431589,613.628252
2292915,0.575580,223.109631,613.628252
2294022,0.578295,224.126695,920.442378
2295128,0.579200,224.465716,306.814126
2296235,0.582820,225.821800,1227.256504
2298452,0.588250,227.855927,1840.884757
2299560,0.590965,228.872990,920.442378
2300670,0.592775,229.551033,613.628252
2301777,0.595490,230.568096,920.442378
2302884,0.598205,231.585159,920.442378
2303994,0.600920,232.602223,920.442378
2305100,0.601825,232.941244,306.814126
2306207,0.605445,234.297329,1227.256504
2307315,0.606350,234.636350,306.814126
2308420,0.609065,235.653413,920.442378
2309531,0.611780,236.670476,920.442378
2310642,0.613590,237.348519,613.628252
2311745,0.616305,238.365582,920.442378
2312852,0.619925,239.721667,1227.256504
2313963,0.622640,240.738730,920.442378
2315068,0.623545,241.077751,306.814126
2316177,0.624450,241.416772,306.814126
2317286,0.628975,243.111878,1534.070631
2318394,0.629880,243.450899,306.814126
2319502,0.632595,244.467963,920.442378
2320609,0.636215,245.824047,1227.256504
2321715,0.638025,246.502089,613.628252
2322823,0.639835,247.180132,613.628252
2323936,0.643455,248.536216,1227.256504
2325041,0.645265,249.214258,613.628252
2326150,0.648885,250.570343,1227.256504
2327251,0.638930,246.841110,3374.955387
2328365,0.654315,252.604470,5215.840144
2329472,0.655220,252.943491,306.814126
2330580,0.656125,253.282512,306.814126
2331689,0.660650,254.977618,1534.070631
2332798,0.661555,255.316639,306.814126
2333901,0.664270,256.333702,920.442378
2335015,0.666985,257.350766,920.442378
2336121,0.667890,257.689787,306.814126
2337228,0.671510,259.045871,1227.256504
2338337,0.674225,260.062935,920.442378
2339444,0.676940,261.079998,920.442378
2340551,0.677845,261.419019,306.814126
2341659,0.681465,262.775104,1227.256504
2342766,0.682370,263.114125,306.814126
2343877,0.685085,264.131188,920.442378
2344984,0.687800,265.148252,920.442378
2346090,0.690515,266.165315,920.442378
2347199,0.692325,266.843357,613.628252
2348302,0.681465,262.775104,3681.769513
2349413,0.696850,268.538463,5215.840144
2350522,0.700470,269.894548,1227.256504
2351631,0.703185,270.911611,920.442378
2351902,0.950250,363.464381,242039.743571
2352730,0.583725,226.160821,124259.721076
2353848,0.706805,272.267696,284073.278849
2354954,0.710425,273.623780,1227.256504
2356062,0.711330,273.962801,306.814126
2357167,0.714950,275.318886,1227.256504
2358276,0.716760,275.996928,613.628252
2359386,0.718570,276.674970,613.628252
2360493,0.723095,278.370076,1534.070631
2361598,0.723095,278.370076,0.000000
2362705,0.726715,279.726160,1227.256504
2363815,0.727620,280.065182,306.814126
2364924,0.731240,281.421266,1227.256504
2366029,0.733050,282.099308,613.628252
2367140,0.734860,282.777351,613.628252
2368247,0.738480,284.133435,1227.256504
2369348,0.726715,279.726160,3988.583639
2370462,0.741195,285.150499,4909.026018
2371573,0.743910,286.167562,920.442378
2372680,0.747530,287.523647,1227.256504
2373785,0.750245,288.540710,920.442378
2374893,0.752055,289.218752,613.628252
2376004,0.753865,289.896794,613.628252
2377109,0.756580,290.913858,920.442378
2378222,0.759295,291.930921,920.442378
2379324,0.761105,292.608964,613.628252
2380432,0.762915,293.287006,613.628252
2381541,0.765630,294.304069,920.442378
2382647,0.769250,295.660154,1227.256504
2383755,0.771060,296.338196,613.628252
2384865,0.771965,296.677217,306.814126
2385965,0.416300,163.441912,120577.951562
2387081,0.778300,299.050365,203074.349555
2388188,0.781015,300.067428,920.442378
2389295,0.782825,300.745471,613.628252
2390396,0.769250,295.660154,4602.211892
2391510,0.788255,302.779598,6443.096648
2392619,0.790065,303.457640,613.628252
2393718,0.788255,302.779598,613.628252
2394835,0.791875,304.135682,1227.256504
2395944,0.796400,305.830788,1534.070631
2397049,0.800020,307.186872,1227.256504
2398157,0.801830,307.864915,613.628252
2399268,0.802735,308.203936,306.814126
2400373,0.805450,309.220999,920.442378
2401480,0.807260,309.899041,613.628252
2402584,0.805450,309.220999,613.628252
2403697,0.812690,311.933168,2454.513009
2404799,0.802735,308.203936,3374.955387
2405915,0.804545,308.881978,613.628252
2407014,0.804545,308.881978,0.000000
2408130,0.806355,309.560020,613.628252
2409236,0.823550,316.001422,5829.468396
2410344,0.826265,317.018485,920.442378
2411451,0.828075,317.696527,613.628252
2412558,0.829885,318.374570,613.628252
2413665,0.834410,320.069675,1534.070631
2414771,0.834410,320.069675,0.000000
2415875,0.834410,320.069675,0.000000
2416990,0.839840,322.103802,1840.884757
2418093,0.834410,320.069675,1840.884757
2419209,0.837125,321.086739,920.442378
2420314,0.839840,322.103802,920.442378
2421417,0.833505,319.730654,2147.698883
2422529,0.835315,320.408697,613.628252
2423639,0.837125,321.086739,613.628252
2424740,0.836220,320.747718,306.814126
2425856,0.842555,323.120866,2147.698883
2426954,0.834410,320.069675,2761.327135
2428068,1.836245,695.366071,-13843.237607
2429173,0.830790,318.713591,340870.494111
2430284,1.833530,694.349007,-14150.051733
2431387,0.831695,319.052612,339643.237607
2432501,1.834435,694.688028,-14150.051733
2433602,0.829885,318.374570,340563.679985
2434717,0.837125,321.086739,2454.513009
2435818,0.834410,320.069675,920.442378
2436932,0.840745,322.442823,2147.698883
2438034,0.833505,319.730654,2454.513009
2439147,0.836220,320.747718,920.442378
2440258,0.841650,322.781844,1840.884757
2441358,0.832600,319.391633,3068.141261
2442472,1.835340,695.027049,-14150.051733
2443574,0.827170,317.357506,341790.936490
2444688,0.834410,320.069675,2454.513009
2445796,0.838935,321.764781,1534.070631
2446896,0.832600,319.391633,2147.698883
2448010,0.840745,322.442823,2761.327135
2449113,0.839840,322.103802,306.814126
2450229,0.845270,324.137929,1840.884757
2451327,0.838030,321.425760,2454.513009
2452442,1.840770,697.061176,-14150.051733
2453546,0.821740,315.323380,345472.706003
2454662,0.838935,321.764781,5829.468396
2455762,0.832600,319.391633,2147.698883
2456876,1.835340,695.027049,-14150.051733
2457976,0.828075,317.696527,341484.122363
2459092,0.838935,321.764781,3681.769513
2460193,0.832600,319.391633,2147.698883
2461309,0.841650,322.781844,3068.141261
2462408,0.828075,317.696527,4602.211892
2463523,0.837125,321.086739,3068.141261
2464630,0.838030,321.425760,306.814126
2465740,0.840745,322.442823,920.442378
2466841,0.835315,320.408697,1840.884757
2467954,0.840745,322.442823,1840.884757
2469062,1.843485,698.078240,-14150.051733
2470164,0.828075,317.696527,344245.449498
2471278,1.830815,693.331944,-14150.051733
2472379,0.831695,319.052612,338722.795228
2473496,1.835340,695.027049,-14456.865859
2474595,0.831695,319.052612,340256.865859
2475712,1.833530,694.349007,-13843.237607
2476812,0.826265,317.018485,341484.122363
2477923,0.838935,321.764781,4295.397766
2479027,0.833505,319.730654,1840.884757
2480137,0.837125,321.086739,1227.256504
2481239,0.834410,320.069675,920.442378
2482415,0.036200,21.053035,270610.059231
2483529,0.038915,22.070099,920.442378
2484629,0.038915,22.070099,0.000000
2485745,0.043440,23.765204,1534.070631
2486853,0.046155,24.782268,920.442378
2487601,0.720380,277.353013,97223.476046
2487955,0.047060,25.121289,228269.709828
2489068,0.048870,25.799331,613.628252
2490174,0.053395,27.494437,1534.070631
2491280,0.053395,27.494437,0.000000
2492391,0.057920,29.189543,1534.070631
2493499,0.059730,29.867585,613.628252
2494608,0.062445,30.884648,920.442378
2495717,0.063350,31.223669,306.814126
2496824,0.066970,32.579754,1227.256504
2497676,0.838935,321.764781,64087.550426
2497925,0.061540,30.545627,263553.334331
2499042,0.072400,34.613881,3681.769513
2500142,0.072400,34.613881,0.000000
2501254,0.076925,36.308986,1534.070631
2502360,0.079640,37.326050,920.442378
2502669,0.356570,141.066517,231914.877410
2503468,0.080545,37.665071,93578.308464
2504577,0.082355,38.343113,613.628252
2505686,0.085975,39.699198,1227.256504
2506794,0.088690,40.716261,920.442378
2507901,0.091405,41.733325,920.442378
2509012,0.094120,42.750388,920.442378
2510120,0.095025,43.089409,306.814126
2511224,0.098645,44.445494,1227.256504
2512333,0.100455,45.123536,613.628252
2513441,0.101360,45.462557,306.814126
2514548,0.104980,46.818642,1227.256504
2515657,0.107695,47.835705,920.442378
2516766,0.110410,48.852768,920.442378
2517872,0.113125,49.869832,920.442378
2518980,0.114935,50.547874,613.628252
2520086,0.116745,51.225916,613.628252
2521195,0.119460,52.242980,920.442378
2522304,0.121270,52.921022,613.628252
2523414,0.123080,53.599064,613.628252
2524520,1.126725,429.573502,-14456.865859
2525623,0.127605,55.294170,338722.795228
2526735,0.131225,56.650254,1227.256504
2527837,0.131225,56.650254,0.000000
2528953,0.134845,58.006339,1227.256504
2530060,0.136655,58.684381,613.628252
2531165,0.140275,60.040466,1227.256504
2532272,0.141180,60.379487,306.814126
2533384,0.144800,61.735571,1227.256504
2534491,0.145705,62.074593,306.814126
2535600,0.150230,63.769698,1534.070631
2536707,0.151135,64.108719,306.814126
2537814,0.154755,65.464804,1227.256504
2538925,0.156565,66.142846,613.628252
2540029,0.158375,66.820888,613.628252
2541139,0.161090,67.837952,920.442378
2542244,0.161995,68.176973,306.814126
2543353,0.165615,69.533057,1227.256504
2544459,0.167425,70.211100,613.628252
2545570,0.170140,71.228163,920.442378
2545968,0.530330,206.158574,203687.977807
2546672,0.171950,71.906205,121498.393941
2547783,0.173760,72.584248,613.628252
2548891,0.177380,73.940332,1227.256504
2549632,0.846175,324.476950,99064.360803
2549992,0.160185,67.498931,232565.107593
2550319,0.449785,175.985694,227619.479644
2551101,0.181000,75.296417,91123.795455
2552215,0.182810,75.974459,613.628252
2553322,0.187335,77.669565,1534.070631
2554432,0.189145,78.347607,613.628252
2555540,0.191860,79.364670,920.442378
2556646,0.193670,80.042713,613.628252
2557755,0.196385,81.059776,920.442378
2558862,0.199100,82.076839,920.442378
2559970,0.200910,82.754882,613.628252
2561077,0.202720,83.432924,613.628252
2562186,0.204530,84.110966,613.628252
2562622,0.601825,232.941244,191108.598637
2563285,0.206340,84.789009,134077.773111
2564401,0.209960,86.145093,1227.256504
2565506,0.211770,86.823135,613.628252
2566616,0.214485,87.840199,920.442378
2567726,0.217200,88.857262,920.442378
2568831,0.219915,89.874326,920.442378
2569937,0.220820,90.213347,306.814126
2571048,0.223535,91.230410,920.442378
2571293,0.447975,175.307651,249710.096724
2572150,0.225345,91.908452,75476.275024
2573264,0.228060,92.925516,920.442378
2574372,0.229870,93.603558,613.628252
2575478,0.231680,94.281600,613.628252
2576587,0.236205,95.976706,1534.070631
2577695,0.238920,96.993769,920.442378
2578803,0.239825,97.332790,306.814126
2579913,0.242540,98.349854,920.442378
2581017,0.245255,99.366917,920.442378
2582123,0.246160,99.705938,306.814126
2583231,0.248875,100.723002,920.442378
2584338,0.250685,101.401044,613.628252
2585448,1.253425,477.036460,-14150.051733
2586549,0.257020,103.774192,337802.352850
2587663,0.257925,104.113213,306.814126
2588771,0.259735,104.791255,613.628252
2589879,0.264260,106.486361,1534.070631
2590987,0.265165,106.825382,306.814126
2592096,0.267880,107.842446,920.442378
2593206,0.269690,108.520488,613.628252
2594309,0.273310,109.876572,1227.256504
2595416,0.276025,110.893636,920.442378
2596524,0.277835,111.571678,613.628252
2597637,0.279645,112.249720,613.628252
2598743,0.282360,113.266784,920.442378
2599849,0.283265,113.605805,306.814126
2600960,0.285980,114.622868,920.442378
2602062,0.287790,115.300911,613.628252
2602502,0.685085,264.131188,191108.598637
2603166,0.290505,116.317974,133770.958985
2604280,0.293220,117.335037,920.442378
2605387,0.296840,118.691122,1227.256504
2606497,0.297745,119.030143,306.814126
2607605,0.301365,120.386228,1227.256504
2608714,0.302270,120.725249,306.814126
2609822,0.305890,122.081333,1227.256504
2610929,0.307700,122.759376,613.628252
2612036,0.310415,123.776439,920.442378
2613136,0.310415,123.776439,0.000000
2614253,0.314940,125.471545,1534.070631
2615360,0.317655,126.488608,920.442378
2616469,0.320370,127.505671,920.442378
2617571,0.320370,127.505671,0.000000
2618684,0.323990,128.861756,1227.256504
2619216,0.807260,309.899041,161961.256656
2619782,0.325800,129.539798,163225.115092
2620898,0.328515,130.556862,920.442378
2622003,0.330325,131.234904,613.628252
2623117,0.333945,132.590988,1227.256504
2624223,0.336660,133.608052,920.442378
2625331,0.338470,134.286094,613.628252
2626439,0.339375,134.625115,306.814126
2627548,0.342090,135.642179,920.442378
2628654,0.343900,136.320221,613.628252
2629760,0.347520,137.676305,1227.256504
2630870,0.350235,138.693369,920.442378
2631977,0.352045,139.371411,613.628252
2633084,0.354760,140.388474,920.442378
2634194,0.355665,140.727496,306.814126
2635300,0.358380,141.744559,920.442378
2636412,0.361095,142.761622,920.442378
2637514,0.363810,143.778686,920.442378
2638625,0.366525,144.795749,920.442378
2639728,0.366525,144.795749,0.000000
2640838,0.369240,145.812813,920.442378
2641948,0.372860,147.168897,1227.256504
2643054,0.374670,147.846939,613.628252
2644165,0.378290,149.203024,1227.256504
2645273,0.379195,149.542045,306.814126
2646382,0.382815,150.898130,1227.256504
2647488,0.385530,151.915193,920.442378
2648594,0.388245,152.932256,920.442378
2649696,0.388245,152.932256,0.000000
2650810,0.392770,154.627362,1534.070631
2651919,0.393675,154.966383,306.814126
2653028,0.396390,155.983447,920.442378
2654134,0.398200,156.661489,613.628252
2655240,0.400915,157.678552,920.442378
2656351,0.402725,158.356595,613.628252
2657461,0.406345,159.712679,1227.256504
2658102,0.988260,377.703268,128518.516910
2658559,0.248875,100.723002,250667.141034
2659674,0.409965,161.068764,271187.085552
2660782,0.411775,161.746806,613.628252
2661891,0.415395,163.102890,1227.256504
2662998,0.417205,163.780933,613.628252
2664107,0.419920,164.797996,920.442378
2665211,0.420825,165.137017,306.814126
2666321,0.424445,166.493102,1227.256504
2666664,0.735765,283.116372,220255.940617
2667422,0.427160,167.510165,104623.617004
2668540,0.429875,168.527229,920.442378
2669645,0.431685,169.205271,613.628252
2670753,0.432590,169.544292,306.814126
2671860,0.437115,171.239398,1534.070631
2672970,0.438020,171.578419,306.814126
2674077,0.439830,172.256461,613.628252
2675183,0.442545,173.273524,920.442378
2676292,0.445260,174.290588,920.442378
2677400,0.447975,175.307651,920.442378
2678506,0.448880,175.646672,306.814126
2679615,0.451595,176.663736,920.442378
2680724,0.454310,177.680799,920.442378
2681832,0.456120,178.358841,613.628252
2682941,0.457930,179.036884,613.628252
2684048,0.460645,180.053947,920.442378
2685159,0.464265,181.410032,1227.256504
2686267,0.466075,182.088074,613.628252
2687372,0.468790,183.105137,920.442378
2688483,0.470600,183.783180,613.628252
2689588,0.474220,185.139264,1227.256504
2690696,0.476030,185.817306,613.628252
2691805,0.478745,186.834370,920.442378
2692912,0.480555,187.512412,613.628252
2694021,0.482365,188.190454,613.628252
2695128,0.484175,188.868497,613.628252
2696237,0.487795,190.224581,1227.256504
2697341,0.489605,190.902623,613.628252
2698454,0.491415,191.580666,613.628252
2699562,0.494130,192.597729,920.442378
2700668,0.496845,193.614792,920.442378
2701775,0.498655,194.292835,613.628252
2702885,0.502275,195.648919,1227.256504
2703993,0.503180,195.987940,306.814126
2705105,0.506800,197.344025,1227.256504
2706208,0.507705,197.683046,306.814126
2707316,0.510420,198.700109,920.442378
2708422,0.512230,199.378152,613.628252
2709530,0.515850,200.734236,1227.256504
2710638,0.516755,201.073257,306.814126
2711747,0.520375,202.429342,1227.256504
2712856,0.521280,202.768363,306.814126
2713964,0.523995,203.785426,920.442378
2715074,0.526710,204.802490,920.442378
2716174,0.529425,205.819553,920.442378
2717288,0.530330,206.158574,306.814126
2718395,0.533950,207.514659,1227.256504
2719502,0.536665,208.531722,920.442378
2720613,0.537570,208.870743,306.814126
2721721,0.540285,209.887807,920.442378
2722829,0.543000,210.904870,920.442378
2723935,0.546620,212.260955,1227.256504
2725044,0.547525,212.599976,306.814126
2726150,0.551145,213.956061,1227.256504
2727253,0.551145,213.956061,0.000000
2728368,0.554765,215.312145,1227.256504
2729476,0.557480,216.329208,920.442378
2730580,0.558385,216.668230,306.814126
2731690,0.561100,217.685293,920.442378
2732795,0.562910,218.363335,613.628252
2733906,0.564720,219.041378,613.628252
2735013,0.569245,220.736483,1534.070631
2736119,0.570150,221.075504,306.814126
2737229,0.573770,222.431589,1227.256504
2738335,0.575580,223.109631,613.628252
2739444,0.578295,224.126695,920.442378
2740554,0.581915,225.482779,1227.256504
2741660,0.582820,225.821800,306.814126
2742770,0.584630,226.499842,613.628252
2743876,0.588250,227.855927,1227.256504
2744982,0.589155,228.194948,306.814126
2746090,0.591870,229.212012,920.442378
2747202,0.595490,230.568096,1227.256504
2748308,0.596395,230.907117,306.814126
2749417,0.600015,232.263202,1227.256504
2750523,0.602730,233.280265,920.442378
2751632,0.603635,233.619286,306.814126
2752739,0.606350,234.636350,920.442378
2753847,0.609970,235.992434,1227.256504
2754955,0.611780,236.670476,613.628252
2756066,0.613590,237.348519,613.628252
2757173,0.615400,238.026561,613.628252
2758278,0.618115,239.043624,920.442378
2759387,0.620830,240.060688,920.442378
2760497,0.624450,241.416772,1227.256504
2761604,0.627165,242.433836,920.442378
2762710,0.628975,243.111878,613.628252
2763821,0.629880,243.450899,306.814126
2764925,0.633500,244.806984,1227.256504
2766035,0.635310,245.485026,613.628252
2767142,0.638025,246.502089,920.442378
2768248,0.628070,242.772857,3374.955387
2769356,0.643455,248.536216,5215.840144
2770463,0.644360,248.875237,306.814126
2771573,0.647075,249.892301,920.442378
2772681,0.650695,251.248385,1227.256504
2773783,0.650695,251.248385,0.000000
2774898,0.654315,252.604470,1227.256504
2776007,0.657030,253.621533,920.442378
2777114,0.658840,254.299575,613.628252
2778222,0.660650,254.977618,613.628252
2779333,0.664270,256.333702,1227.256504
2780439,0.666080,257.011744,613.628252
2781547,0.667890,257.689787,613.628252
2782652,0.670605,258.706850,920.442378
2783760,0.673320,259.723914,920.442378
2784870,0.676035,260.740977,920.442378
2785977,0.676940,261.079998,306.814126
2787084,0.679655,262.097062,920.442378
2788191,0.684180,263.792167,1534.070631
2789293,0.672415,259.384892,3988.583639
2790409,0.688705,265.487273,5522.654270
2791517,0.690515,266.165315,613.628252
2792624,0.693230,267.182379,920.442378
2793730,0.695040,267.860421,613.628252
2794839,0.698660,269.216505,1227.256504
2795952,0.700470,269.894548,613.628252
2797058,0.701375,270.233569,306.814126
2798163,0.704090,271.250632,920.442378
2799272,0.706805,272.267696,920.442378
2800379,0.710425,273.623780,1227.256504
2801485,0.711330,273.962801,306.814126
2802594,0.713140,274.640843,613.628252
2803706,0.715855,275.657907,920.442378
2804812,0.718570,276.674970,920.442378
2805919,0.721285,277.692034,920.442378
2807025,0.723095,278.370076,613.628252
2808135,0.725810,279.387139,920.442378
2809242,0.727620,280.065182,613.628252
2810342,0.721285,277.692034,2147.698883
2811458,0.732145,281.760287,3681.769513
2812569,0.735765,283.116372,1227.256504
2813672,0.739385,284.472456,1227.256504
2814782,0.740290,284.811477,306.814126
2815892,0.743910,286.167562,1227.256504
2816999,0.744815,286.506583,306.814126
2818106,0.747530,287.523647,920.442378
2819215,0.750245,288.540710,920.442378
2820321,0.752960,289.557773,920.442378
2821431,0.754770,290.235816,613.628252
2822536,0.757485,291.252879,920.442378
2823645,0.759295,291.930921,613.628252
2824753,0.760200,292.269942,306.814126
2825860,0.762915,293.287006,920.442378
2826970,0.766535,294.643090,1227.256504
2828079,0.767440,294.982111,306.814126
2829184,0.771060,296.338196,1227.256504
2830294,0.774680,297.694281,1227.256504
2831396,0.763820,293.626027,3681.769513
2832509,0.777395,298.711344,4602.211892
2833614,0.781015,300.067428,1227.256504
2834725,0.782825,300.745471,613.628252
2835828,0.781015,300.067428,613.628252
2836939,0.788255,302.779598,2454.513009
2838042,0.787350,302.440576,306.814126
2839155,0.792780,304.474703,1840.884757
2840263,0.794590,305.152745,613.628252
2841370,0.796400,305.830788,613.628252
2842479,0.797305,306.169809,306.814126
2843585,0.800925,307.525893,1227.256504
2844691,0.800020,307.186872,306.814126
2845801,0.803640,308.542957,1227.256504
2846904,0.797305,306.169809,2147.698883
2848013,0.804545,308.881978,2454.513009
2849118,0.800020,307.186872,1534.070631
2850230,0.807260,309.899041,2454.513009
2851339,0.817215,313.628274,3374.955387
2852448,0.818120,313.967295,306.814126
2853558,0.821740,315.323380,1227.256504
2854659,0.818120,313.967295,1227.256504
2855771,0.822645,315.662401,1534.070631
2856880,0.829885,318.374570,2454.513009
2857981,0.829885,318.374570,0.000000
2859095,0.833505,319.730654,1227.256504
2860204,0.834410,320.069675,306.814126
2861310,0.837125,321.086739,920.442378
2862413,0.827170,317.357506,3374.955387
2863523,0.833505,319.730654,2147.698883
2864636,0.836220,320.747718,920.442378
2865735,0.836220,320.747718,0.000000
2866849,0.847080,324.815971,3681.769513
2867956,1.849820,700.451388,-14150.051733
2869061,0.828980,318.035549,346086.334255
2870173,0.835315,320.408697,2147.698883
2871274,0.832600,319.391633,920.442378
2872390,0.844365,323.798908,3988.583639
2873491,0.829885,318.374570,4909.026018
2874606,0.840745,322.442823,3681.769513
2875715,1.843485,698.078240,-14150.051733
2876815,0.829885,318.374570,343631.821246
2877928,1.832625,694.009986,-14150.051733
2879032,0.829885,318.374570,339950.051733
2880145,1.831720,693.670965,-13843.237607
2881248,0.828075,317.696527,340256.865859
2882359,0.838030,321.425760,3374.955387
2883460,0.829885,318.374570,2761.327135
2884575,0.838935,321.764781,3068.141261
2885684,1.842580,697.739218,-14456.865859
2886787,0.828980,318.035549,343631.821246
2887899,0.832600,319.391633,1227.256504
2889009,0.838030,321.425760,1840.884757
2890112,0.835315,320.408697,920.442378
2891216,0.833505,319.730654,613.628252
2892330,0.841650,322.781844,2761.327135
2893432,0.829885,318.374570,3988.583639
2894548,0.834410,320.069675,1534.070631
2895655,1.837150,695.705092,-14150.051733
2896757,0.827170,317.357506,342404.564742
2897871,0.838030,321.425760,3681.769513
2898971,0.833505,319.730654,1534.070631
2900084,0.842555,323.120866,3068.141261
2901187,0.835315,320.408697,2454.513009
2902301,0.843460,323.459887,2761.327135
2903404,0.834410,320.069675,3068.141261
2904516,0.838935,321.764781,1534.070631
2905616,0.832600,319.391633,2147.698883
2906733,0.838935,321.764781,2147.698883
2907842,1.841675,697.400197,-14150.051733
2908940,0.832600,319.391633,342097.750616
2910057,1.835340,695.027049,-14150.051733
2911159,0.827170,317.357506,341790.936490
2912269,0.839840,322.103802,4295.397766
2913372,0.116745,51.225916,245144.486764
2914486,0.833505,319.730654,82803.212119
2915595,1.836245,695.366071,-14150.051733
2916696,0.827170,317.357506,342097.750616
2917808,0.838935,321.764781,3988.583639
2918911,0.835315,320.408697,1227.256504
2920026,0.844365,323.798908,3068.141261
2921127,0.835315,320.408697,3068.141261
2922241,0.842555,323.120866,2454.513009
2923342,0.838030,321.425760,1534.070631
2924450,0.835315,320.408697,920.442378
2925559,1.835340,695.027049,-13229.609355
2926732,0.036200,21.053035,609946.482712
2927847,0.038915,22.070099,920.442378
2928957,0.041630,23.087162,920.442378
2930063,0.042535,23.426183,306.814126
2931168,0.046155,24.782268,1227.256504
2932280,0.048870,25.799331,920.442378
2933384,0.051585,26.816395,920.442378
2934489,0.051585,26.816395,0.000000
2935603,0.055205,28.172479,1227.256504
2935937,0.356570,141.066517,223630.896004
2936703,0.057015,28.850521,101555.475743
2937818,0.058825,29.528564,613.628252
2938927,0.062445,30.884648,1227.256504
2940033,0.063350,31.223669,306.814126
2941140,0.067875,32.918775,1534.070631
2942242,0.067875,32.918775,0.000000
2943360,0.072400,34.613881,1534.070631
2944471,0.075115,35.630944,920.442378
2945574,0.077830,36.648008,920.442378
2946684,0.078735,36.987029,306.814126
2947791,0.082355,38.343113,1227.256504
2948705,0.909525,348.208429,45371.888733
2948892,0.006335,9.865338,306200.497860
2950003,0.086880,40.038219,298493.542776
2951113,0.088690,40.716261,613.628252
2952223,0.091405,41.733325,920.442378
2953328,0.094120,42.750388,920.442378
2954438,0.095930,43.428430,613.628252
2955542,0.097740,44.106472,613.628252
2956653,0.101360,45.462557,1227.256504
2957239,0.631690,244.128941,146006.922098
2957755,0.102265,45.801578,179486.263776
2958869,0.105885,47.157663,1227.256504
2959975,0.106790,47.496684,306.814126
2961085,0.110410,48.852768,1227.256504
2962191,0.113125,49.869832,920.442378
2963299,0.115840,50.886895,920.442378
2964408,0.117650,51.564937,613.628252
2965517,0.118555,51.903959,306.814126
2966621,0.122175,53.260043,1227.256504
2967728,0.125795,54.616128,1227.256504
2968842,0.127605,55.294170,613.628252
2969948,0.128510,55.633191,306.814126
2971054,0.133035,57.328297,1534.070631
2972162,0.133940,57.667318,306.814126
2973270,0.136655,58.684381,920.442378
2974382,0.137560,59.023402,306.814126
2974962,0.664270,256.333702,147234.178602
2975479,0.140275,60.040466,177645.379019
2976594,0.143895,61.396550,1227.256504
2977704,0.146610,62.413614,920.442378
2978809,0.149325,63.430677,920.442378
2979919,0.151135,64.108719,613.628252
2981027,0.152040,64.447740,306.814126
2982137,0.155660,65.803825,1227.256504
2983243,0.158375,66.820888,920.442378
2984351,0.160185,67.498931,613.628252
2985461,0.161995,68.176973,613.628252
2986567,0.165615,69.533057,1227.256504
2986992,0.550240,213.617039,195403.996402
2987667,0.167425,70.211100,129782.375346
2988778,0.169235,70.889142,613.628252
2989893,0.171045,71.567184,613.628252
2991000,0.175570,73.262290,1534.070631
2991247,0.398200,156.661489,250323.724976
2992108,1.178310,448.897706,61326.223291
2993207,0.178285,74.279353,339029.609355
2994321,0.181905,75.635438,1227.256504
2995429,0.182810,75.974459,306.814126
2996540,0.187335,77.669565,1534.070631
2997643,0.189145,78.347607,613.628252
2998753,0.191860,79.364670,920.442378
2999862,0.193670,80.042713,613.628252
3000402,0.683275,263.453146,159813.557773
3000965,0.195480,80.720755,165372.813975
3002076,0.198195,81.737818,920.442378
3003185,0.201815,83.093903,1227.256504
3004296,0.204530,84.110966,920.442378
3005400,0.206340,84.789009,613.628252
3006513,0.207245,85.128030,306.814126
3007616,0.211770,86.823135,1534.070631
3008728,0.213580,87.501178,613.628252
3009833,0.216295,88.518241,920.442378
3010942,0.217200,88.857262,306.814126
3012050,0.220820,90.213347,1227.256504
3012432,0.567435,220.058441,208290.189699
3013153,0.221725,90.552368,117202.996175
3014267,0.225345,91.908452,1227.256504
3015376,0.227155,92.586495,613.628252
3016479,0.228965,93.264537,613.628252
3017589,0.233490,94.959643,1534.070631
3018700,0.236205,95.976706,920.442378
3019807,1.238945,471.612122,-14150.051733
3020908,0.240730,97.671812,338415.981102
3022024,0.242540,98.349854,613.628252
3023132,0.244350,99.027896,613.628252
3024240,0.247065,100.044960,920.442378
3025347,0.248875,100.723002,613.628252
3026452,0.252495,102.079086,1227.256504
3027563,0.253400,102.418107,306.814126
3028135,0.769250,295.660154,150915.948116
3028664,0.257020,103.774192,173656.795380
3029779,0.257925,104.113213,306.814126
3030887,0.261545,105.469298,1227.256504
3031995,0.264260,106.486361,920.442378
3033100,0.266975,107.503424,920.442378
3033833,0.926720,354.649831,102132.502064
3034204,0.171045,71.567184,256189.795304
3035319,0.271500,109.198530,291743.632001
3036424,0.272405,109.537551,306.814126
3037536,0.276025,110.893636,1227.256504
3038643,0.278740,111.910699,920.442378
3039749,0.280550,112.588741,613.628252
3040861,0.283265,113.605805,920.442378
3041965,0.285075,114.283847,613.628252
3043073,0.287790,115.300911,920.442378
3044181,0.289600,115.978953,613.628252
3045290,0.292315,116.996016,920.442378
3046399,0.293220,117.335037,306.814126
3047509,0.295935,118.352101,920.442378
3048615,0.298650,119.369164,920.442378
3049723,0.301365,120.386228,920.442378
3050831,0.302270,120.725249,306.814126
3051939,0.304985,121.742312,920.442378
3053047,0.309510,123.437418,1534.070631
3054153,0.311320,124.115460,613.628252
3055265,0.312225,124.454481,306.814126
3056371,0.315845,125.810566,1227.256504
3057481,0.318560,126.827629,920.442378
3058589,0.321275,127.844693,920.442378
3059690,0.317655,126.488608,1227.256504
3060802,0.324895,129.200777,2454.513009
3061912,0.326705,129.878819,613.628252
3063020,0.330325,131.234904,1227.256504
3064129,0.333040,132.251967,920.442378
3065235,0.334850,132.930010,613.628252
3066342,0.335755,133.269031,306.814126
3067451,0.340280,134.964136,1534.070631
3068558,0.342090,135.642179,613.628252
3069666,0.343900,136.320221,613.628252
3070778,0.344805,136.659242,306.814126
3071883,0.346615,137.337284,613.628252
3072989,0.351140,139.032390,1534.070631
3074099,0.352950,139.710432,613.628252
3075206,0.354760,140.388474,613.628252
3076313,0.358380,141.744559,1227.256504
3077426,0.360190,142.422601,613.628252
3078532,0.362000,143.100644,613.628252
3079640,0.366525,144.795749,1534.070631
3080743,0.368335,145.473791,613.628252
3081853,0.369240,145.812813,306.814126
3082964,0.371955,146.829876,920.442378
3084072,0.374670,147.846939,920.442378
3085178,0.376480,148.524982,613.628252
3086286,0.379195,149.542045,920.442378
3087391,0.381910,150.559108,920.442378
3088502,0.385530,151.915193,1227.256504
3089610,0.387340,152.593235,613.628252
3090719,0.388245,152.932256,306.814126
3091826,0.390960,153.949320,920.442378
3092933,0.392770,154.627362,613.628252
3094040,0.397295,156.322468,1534.070631
3095146,0.397295,156.322468,0.000000
3096257,0.400915,157.678552,1227.256504
3097364,0.403630,158.695616,920.442378
3098475,0.406345,159.712679,920.442378
3099573,0.406345,159.712679,0.000000
3100689,0.409060,160.729742,920.442378
3101796,0.411775,161.746806,920.442378
3102906,0.414490,162.763869,920.442378
3104011,0.415395,163.102890,306.814126
3105119,0.420825,165.137017,1840.884757
3106221,0.420825,165.137017,0.000000
3107336,0.423540,166.154081,920.442378
3108443,0.425350,166.832123,613.628252
3109554,0.428970,168.188207,1227.256504
3110656,0.430780,168.866250,613.628252
3111771,0.432590,169.544292,613.628252
3112875,0.434400,170.222334,613.628252
3113983,0.438020,171.578419,1227.256504
3115093,0.441640,172.934503,1227.256504
3116199,0.444355,173.951567,920.442378
3117306,0.447070,174.968630,920.442378
3118408,0.447070,174.968630,0.000000
3119525,0.449785,175.985694,920.442378
3120631,0.452500,177.002757,920.442378
3121738,0.454310,177.680799,613.628252
3122847,0.457025,178.697863,920.442378
3123955,0.460645,180.053947,1227.256504
3125061,0.463360,181.071011,920.442378
3126171,0.464265,181.410032,306.814126
3127278,0.466980,182.427095,920.442378
3128387,0.469695,183.444158,920.442378
3129493,0.471505,184.122201,613.628252
3130602,0.475125,185.478285,1227.256504
3131710,0.477840,186.495349,920.442378
3132819,0.479650,187.173391,613.628252
3133924,0.481460,187.851433,613.628252
3135034,0.483270,188.529475,613.628252
3136143,0.485985,189.546539,920.442378
3137247,0.488700,190.563602,920.442378
3138356,0.490510,191.241645,613.628252
3139465,0.493225,192.258708,920.442378
3140574,0.495035,192.936750,613.628252
3141682,0.497750,193.953814,920.442378
3142788,0.499560,194.631856,613.628252
3143895,0.502275,195.648919,920.442378
3145003,0.504990,196.665983,920.442378
3146114,0.507705,197.683046,920.442378
3147220,0.508610,198.022067,306.814126
3148329,0.512230,199.378152,1227.256504
3149438,0.514945,200.395215,920.442378
3150546,0.517660,201.412279,920.442378
3151656,0.519470,202.090321,613.628252
3152761,0.522185,203.107384,920.442378
3153870,0.524900,204.124448,920.442378
3154979,0.525805,204.463469,306.814126
3156083,0.526710,204.802490,306.814126
3157193,0.531235,206.497596,1534.070631
3157440,0.756580,290.913858,249403.282598
3158294,0.533950,207.514659,75476.275024
3159409,0.534855,207.853680,306.814126
3160517,0.536665,208.531722,613.628252
3161623,0.538475,209.209765,613.628252
3162729,0.543000,210.904870,1534.070631
3163841,0.543905,211.243891,306.814126
3164950,0.546620,212.260955,920.442378
3166056,0.549335,213.278018,920.442378
3167165,0.551145,213.956061,613.628252
3168270,0.552955,214.634103,613.628252
3169380,1.555695,590.269519,-14150.051733
3170481,0.557480,216.329208,338415.981102
3171593,0.560195,217.346272,920.442378
3172701,0.563815,218.702356,1227.256504
3173810,0.567435,220.058441,1227.256504
3174914,0.566530,219.719420,306.814126
3176027,0.571055,221.414525,1534.070631
3177132,0.573770,222.431589,920.442378
3178241,0.576485,223.448652,920.442378
3179346,0.577390,223.787673,306.814126
3180458,0.579200,224.465716,613.628252
3181564,0.581915,225.482779,920.442378
3182673,0.585535,226.838864,1227.256504
3183782,0.588250,227.855927,920.442378
3184891,0.589155,228.194948,306.814126
3185997,0.591870,229.212012,920.442378
3187105,0.593680,229.890054,613.628252
3188213,0.596395,230.907117,920.442378
3189321,0.599110,231.924181,920.442378
3190427,0.601825,232.941244,920.442378
3191537,0.604540,233.958307,920.442378
3192644,0.606350,234.636350,613.628252
3193751,0.609065,235.653413,920.442378
3194857,0.611780,236.670476,920.442378
3195970,0.613590,237.348519,613.628252
3197075,0.616305,238.365582,920.442378
3198183,0.617210,238.704603,306.814126
3199295,0.621735,240.399709,1534.070631
3200394,0.621735,240.399709,0.000000
3201508,0.624450,241.416772,920.442378
3202617,0.627165,242.433836,920.442378
3203722,0.630785,243.789920,1227.256504
3204829,0.633500,244.806984,920.442378
3205942,0.635310,245.485026,613.628252
3207048,0.637120,246.163068,613.628252
3208153,0.640740,247.519153,1227.256504
3209258,0.638930,246.841110,613.628252
3210374,0.644360,248.875237,1840.884757
3211477,0.647980,250.231322,1227.256504
3212587,0.649790,250.909364,613.628252
3213692,0.651600,251.587406,613.628252
3214802,0.654315,252.604470,920.442378
3215909,0.656125,253.282512,613.628252
3217017,0.657935,253.960554,613.628252
3218124,0.660650,254.977618,920.442378
3219226,0.660650,254.977618,0.000000
3220340,0.665175,256.672723,1534.070631
3221448,0.667890,257.689787,920.442378
3222558,0.671510,259.045871,1227.256504
3223666,0.673320,259.723914,613.628252
3224773,0.676940,261.079998,1227.256504
3225883,0.677845,261.419019,306.814126
3226985,0.680560,262.436083,920.442378
3228096,0.683275,263.453146,920.442378
3229206,0.685990,264.470209,920.442378
