x-axis,1,EXT,F1
second,Volt,,Volt
-9.0000E-03,-53.0654E-03,1,+6.1E-06
-8.7500E-03,-17.8895E-03,1,+6.1E-06
-8.5000E-03,-12.8644E-03,1,+6.1E-06
-8.2500E-03,-53.0654E-03,1,+6.1E-06
-8.0000E-03,-48.0402E-03,1,+6.1E-06
-7.7500E-03,-48.0402E-03,1,+6.1E-06
-7.5000E-03,-37.9900E-03,1,+6.1E-06
-7.2500E-03,-2.8141E-03,1,+6.1E-06
-7.0000E-03,-48.0402E-03,1,+6.1E-06
-6.7500E-03,-48.0402E-03,1,+6.1E-06
-6.5000E-03,-53.0654E-03,1,+6.1E-06
-6.2500E-03,-12.8644E-03,1,+6.1E-06
-6.0000E-03,-48.0402E-03,1,+6.1E-06
-5.7500E-03,-53.0654E-03,1,+6.1E-06
-5.5000E-03,-12.8644E-03,1,+6.1E-06
-5.2500E-03,-37.9900E-03,1,+6.1E-06
-5.0000E-03,-48.0402E-03,1,+6.1E-06
-4.7500E-03,-48.0402E-03,1,+6.1E-06
-4.5000E-03,-27.9397E-03,1,+6.1E-06
-4.2500E-03,-12.8644E-03,1,+6.1E-06
-4.0000E-03,-17.8895E-03,1,+6.1E-06
-3.7500E-03,-12.8644E-03,1,+6.1E-06
-3.5000E-03,-22.9146E-03,1,+6.1E-06
-3.2500E-03,-12.8644E-03,1,+6.1E-06
-3.0000E-03,-12.8644E-03,1,+6.1E-06
-2.7500E-03,-48.0402E-03,1,+6.1E-06
-2.5000E-03,-63.1156E-03,1,+6.1E-06
-2.2500E-03,-37.9900E-03,1,+6.1E-06
-2.0000E-03,-12.8644E-03,1,+6.1E-06
-1.7500E-03,-43.0151E-03,1,+6.1E-06
-1.5000E-03,-27.9397E-03,1,+6.1E-06
-1.2500E-03,+12.2613E-03,1,+6.1E-06
-1.0000E-03,-48.0402E-03,1,+6.1E-06
-750.0E-06,-17.8895E-03,1,+6.1E-06
-500.0E-06,-12.8644E-03,1,+6.1E-06
-250.0E-06,+12.2613E-03,1,+6.1E-06
+0.0E+00,+2.0273366E+00,1,+6.1E-06
+250.0E-06,+2.2110E-03,1,+6.1E-06
+500.0E-06,+12.2613E-03,1,+6.1E-06
+750.0E-06,+82.6130E-03,1,+6.1E-06
+1.0000E-03,+72.5628E-03,1,+6.1E-06
+1.2500E-03,+147.9397E-03,1,+6.1E-06
+1.5000E-03,+132.8643E-03,1,+6.1E-06
+1.7500E-03,+147.9397E-03,1,+6.1E-06
+2.0000E-03,+188.1407E-03,1,+6.1E-06
+2.2500E-03,+223.3166E-03,1,+6.1E-06
+2.5000E-03,+188.1407E-03,1,+6.1E-06
+2.7500E-03,+173.0653E-03,1,+6.1E-06
+3.0000E-03,+188.1407E-03,1,+6.1E-06
+3.2500E-03,+152.9648E-03,1,+6.1E-06
+3.5000E-03,+163.0150E-03,1,+6.1E-06
+3.7500E-03,+2.0072361E+00,1,+6.1E-06
+4.0000E-03,+152.9648E-03,1,+6.1E-06
+4.2500E-03,+147.9397E-03,1,+6.1E-06
+4.5000E-03,+173.0653E-03,1,+6.1E-06
+4.7500E-03,+147.9397E-03,1,+6.1E-06
+5.0000E-03,+147.9397E-03,1,+6.1E-06
+5.2500E-03,+188.1407E-03,1,+6.1E-06
+5.5000E-03,+163.0150E-03,1,+6.1E-06
+5.7500E-03,+188.1407E-03,1,+6.1E-06
+6.0000E-03,+3.2434170E+00,1,+6.1E-06
+6.2500E-03,+72.5628E-03,1,+6.1E-06
+6.5000E-03,+107.7387E-03,1,+6.1E-06
+6.7500E-03,+122.8140E-03,1,+6.1E-06
+7.0000E-03,+147.9397E-03,1,+6.1E-06
+7.2500E-03,+147.9397E-03,1,+6.1E-06
+7.5000E-03,+173.0653E-03,1,+6.1E-06
+7.7500E-03,+163.0150E-03,1,+6.1E-06
+8.0000E-03,+117.7889E-03,1,+6.1E-06
+8.2500E-03,+147.9397E-03,1,+6.1E-06
+8.5000E-03,+122.8140E-03,1,+6.1E-06
+8.7500E-03,+188.1407E-03,1,+6.1E-06
+9.0000E-03,+183.1155E-03,1,+6.1E-06
+9.2500E-03,+147.9397E-03,1,+6.1E-06
+9.5000E-03,+173.0653E-03,1,+6.1E-06
+9.7500E-03,+92.6633E-03,1,+6.1E-06
+10.0000E-03,+67.5377E-03,1,+6.1E-06
+10.2500E-03,+102.7135E-03,1,+6.1E-06
+10.5000E-03,+107.7387E-03,1,+6.1E-06
+10.7500E-03,+107.7387E-03,1,+6.1E-06
+11.0000E-03,+107.7387E-03,1,+6.1E-06
+11.2500E-03,+147.9397E-03,1,+6.1E-06
+11.5000E-03,+147.9397E-03,1,+6.1E-06
+11.7500E-03,+147.9397E-03,1,+6.1E-06
+12.0000E-03,+152.9648E-03,1,+6.1E-06
+12.2500E-03,+178.0904E-03,1,+6.1E-06
+12.5000E-03,+67.5377E-03,1,+6.1E-06
+12.7500E-03,+67.5377E-03,1,+6.1E-06
+13.0000E-03,+107.7387E-03,1,+6.1E-06
+13.2500E-03,+107.7387E-03,1,+6.1E-06
+13.5000E-03,+92.6633E-03,1,+6.1E-06
+13.7500E-03,+132.8643E-03,1,+6.1E-06
+14.0000E-03,+107.7387E-03,1,+6.1E-06
+14.2500E-03,+147.9397E-03,1,+6.1E-06
+14.5000E-03,+188.1407E-03,1,+6.1E-06
+14.7500E-03,+107.7387E-03,1,+6.1E-06
+15.0000E-03,+137.8894E-03,1,+6.1E-06
+15.2500E-03,+112.7638E-03,1,+6.1E-06
+15.5000E-03,+122.8140E-03,1,+6.1E-06
+15.7500E-03,+107.7387E-03,1,+6.1E-06
+16.0000E-03,+3.2434170E+00,1,+6.1E-06
+16.2500E-03,+142.9145E-03,1,+6.1E-06
+16.5000E-03,+163.0150E-03,1,+6.1E-06
+16.7500E-03,+42.4120E-03,1,+6.1E-06
+17.0000E-03,+67.5377E-03,1,+6.1E-06
+17.2500E-03,+102.7135E-03,1,+6.1E-06
+17.5000E-03,+107.7387E-03,1,+6.1E-06
+17.7500E-03,+147.9397E-03,1,+6.1E-06
+18.0000E-03,+107.7387E-03,1,+6.1E-06
+18.2500E-03,+2.5097487E+00,1,+6.1E-06
+18.5000E-03,+67.5377E-03,1,+6.1E-06
+18.7500E-03,+107.7387E-03,1,+6.1E-06
+19.0000E-03,+107.7387E-03,1,+6.1E-06
+19.2500E-03,+107.7387E-03,1,+6.1E-06
+19.5000E-03,+107.7387E-03,1,+6.1E-06
+19.7500E-03,+132.8643E-03,1,+6.1E-06
+20.0000E-03,+183.1155E-03,1,+6.1E-06
+20.2500E-03,+67.5377E-03,1,+6.1E-06
+20.5000E-03,+67.5377E-03,1,+6.1E-06
+20.7500E-03,+82.6130E-03,1,+6.1E-06
+21.0000E-03,+107.7387E-03,1,+6.1E-06
+21.2500E-03,+102.7135E-03,1,+6.1E-06
+21.5000E-03,+122.8140E-03,1,+6.1E-06
+21.7500E-03,+67.5377E-03,1,+6.1E-06
+22.0000E-03,+112.7638E-03,1,+6.1E-06
+22.2500E-03,+102.7135E-03,1,+6.1E-06
+22.5000E-03,+92.6633E-03,1,+6.1E-06
+22.7500E-03,+92.6633E-03,1,+6.1E-06
+23.0000E-03,+147.9397E-03,1,+6.1E-06
+23.2500E-03,+27.3367E-03,1,+6.1E-06
+23.5000E-03,+92.6633E-03,1,+6.1E-06
+23.7500E-03,+82.6130E-03,1,+6.1E-06
+24.0000E-03,+102.7135E-03,1,+6.1E-06
+24.2500E-03,+147.9397E-03,1,+6.1E-06
+24.5000E-03,+67.5377E-03,1,+6.1E-06
+24.7500E-03,+67.5377E-03,1,+6.1E-06
+25.0000E-03,+2.8112562E+00,1,+6.1E-06
+25.2500E-03,+67.5377E-03,1,+6.1E-06
+25.5000E-03,+122.8140E-03,1,+6.1E-06
+25.7500E-03,+147.9397E-03,1,+6.1E-06
+26.0000E-03,+62.5125E-03,1,+6.1E-06
+26.2500E-03,+72.5628E-03,1,+6.1E-06
+26.5000E-03,+67.5377E-03,1,+6.1E-06
+26.7500E-03,+117.7889E-03,1,+6.1E-06
+27.0000E-03,+67.5377E-03,1,+6.1E-06
+27.2500E-03,+3.2383919E+00,1,+6.1E-06
+27.5000E-03,+82.6130E-03,1,+6.1E-06
+27.7500E-03,+82.6130E-03,1,+6.1E-06
+28.0000E-03,+107.7387E-03,1,+6.1E-06
+28.2500E-03,+112.7638E-03,1,+6.1E-06
+28.5000E-03,+27.3367E-03,1,+6.1E-06
+28.7500E-03,+67.5377E-03,1,+6.1E-06
+29.0000E-03,+62.5125E-03,1,+6.1E-06
+29.2500E-03,+107.7387E-03,1,+6.1E-06
+29.5000E-03,+193.1658E-03,1,+6.1E-06
+29.7500E-03,+52.4623E-03,1,+6.1E-06
+30.0000E-03,+67.5377E-03,1,+6.1E-06
+30.2500E-03,+67.5377E-03,1,+6.1E-06
+30.5000E-03,+107.7387E-03,1,+6.1E-06
+30.7500E-03,+52.4623E-03,1,+6.1E-06
+31.0000E-03,+62.5125E-03,1,+6.1E-06
+31.2500E-03,+102.7135E-03,1,+6.1E-06
+31.5000E-03,+92.6633E-03,1,+6.1E-06
+31.7500E-03,+27.3367E-03,1,+6.1E-06
+32.0000E-03,+67.5377E-03,1,+6.1E-06
+32.2500E-03,+102.7135E-03,1,+6.1E-06
+32.5000E-03,+67.5377E-03,1,+6.1E-06
+32.7500E-03,+107.7387E-03,1,+6.1E-06
+33.0000E-03,+27.3367E-03,1,+6.1E-06
+33.2500E-03,+67.5377E-03,1,+6.1E-06
+33.5000E-03,+52.4623E-03,1,+6.1E-06
+33.7500E-03,+67.5377E-03,1,+6.1E-06
+34.0000E-03,+27.3367E-03,1,+6.1E-06
+34.2500E-03,+62.5125E-03,1,+6.1E-06
+34.5000E-03,+82.6130E-03,1,+6.1E-06
+34.7500E-03,+67.5377E-03,1,+6.1E-06
+35.0000E-03,+3.1881406E+00,1,+6.1E-06
+35.2500E-03,+62.5125E-03,1,+6.1E-06
+35.5000E-03,+57.4874E-03,1,+6.1E-06
+35.7500E-03,+67.5377E-03,1,+6.1E-06
+36.0000E-03,+107.7387E-03,1,+6.1E-06
+36.2500E-03,+67.5377E-03,1,+6.1E-06
+36.5000E-03,+67.5377E-03,1,+6.1E-06
+36.7500E-03,+92.6633E-03,1,+6.1E-06
+37.0000E-03,+32.3618E-03,1,+6.1E-06
+37.2500E-03,+3.2434170E+00,1,+6.1E-06
+37.5000E-03,+42.4120E-03,1,+6.1E-06
+37.7500E-03,+67.5377E-03,1,+6.1E-06
+38.0000E-03,+67.5377E-03,1,+6.1E-06
+38.2500E-03,+27.3367E-03,1,+6.1E-06
+38.5000E-03,+52.4623E-03,1,+6.1E-06
+38.7500E-03,+82.6130E-03,1,+6.1E-06
+39.0000E-03,+67.5377E-03,1,+6.1E-06
+39.2500E-03,+27.3367E-03,1,+6.1E-06
+39.5000E-03,+2.1127638E+00,1,+6.1E-06
+39.7500E-03,+67.5377E-03,1,+6.1E-06
+40.0000E-03,+72.5628E-03,1,+6.1E-06
+40.2500E-03,+67.5377E-03,1,+6.1E-06
+40.5000E-03,+67.5377E-03,1,+6.1E-06
+40.7500E-03,+52.4623E-03,1,+6.1E-06
+41.0000E-03,+107.7387E-03,1,+6.1E-06
+41.2500E-03,+62.5125E-03,1,+6.1E-06
+41.5000E-03,+42.4120E-03,1,+6.1E-06
+41.7500E-03,+27.3367E-03,1,+6.1E-06
+42.0000E-03,+62.5125E-03,1,+6.1E-06
+42.2500E-03,+27.3367E-03,1,+6.1E-06
+42.5000E-03,+67.5377E-03,1,+6.1E-06
+42.7500E-03,+67.5377E-03,1,+6.1E-06
+43.0000E-03,+27.3367E-03,1,+6.1E-06
+43.2500E-03,+27.3367E-03,1,+6.1E-06
+43.5000E-03,+67.5377E-03,1,+6.1E-06
+43.7500E-03,+67.5377E-03,1,+6.1E-06
+44.0000E-03,+27.3367E-03,1,+6.1E-06
+44.2500E-03,+67.5377E-03,1,+6.1E-06
+44.5000E-03,+82.6130E-03,1,+6.1E-06
+44.7500E-03,+82.6130E-03,1,+6.1E-06
+45.0000E-03,+3.2434170E+00,1,+6.1E-06
+45.2500E-03,+32.3618E-03,1,+6.1E-06
+45.5000E-03,+82.6130E-03,1,+6.1E-06
+45.7500E-03,+27.3367E-03,1,+6.1E-06
+46.0000E-03,+32.3618E-03,1,+6.1E-06
+46.2500E-03,+62.5125E-03,1,+6.1E-06
+46.5000E-03,+92.6633E-03,1,+6.1E-06
+46.7500E-03,+52.4623E-03,1,+6.1E-06
+47.0000E-03,+32.3618E-03,1,+6.1E-06
+47.2500E-03,+3.2082411E+00,1,+6.1E-06
+47.5000E-03,+27.3367E-03,1,+6.1E-06
+47.7500E-03,+42.4120E-03,1,+6.1E-06
+48.0000E-03,+107.7387E-03,1,+6.1E-06
+48.2500E-03,+67.5377E-03,1,+6.1E-06
+48.5000E-03,+27.3367E-03,1,+6.1E-06
+48.7500E-03,+67.5377E-03,1,+6.1E-06
+49.0000E-03,+67.5377E-03,1,+6.1E-06
+49.2500E-03,+27.3367E-03,1,+6.1E-06
+49.5000E-03,+2.1077386E+00,1,+6.1E-06
+49.7500E-03,+42.4120E-03,1,+6.1E-06
+50.0000E-03,+67.5377E-03,1,+6.1E-06
+50.2500E-03,+27.3367E-03,1,+6.1E-06
+50.5000E-03,+52.4623E-03,1,+6.1E-06
+50.7500E-03,+27.3367E-03,1,+6.1E-06
+51.0000E-03,+62.5125E-03,1,+6.1E-06
+51.2500E-03,+37.3869E-03,1,+6.1E-06
+51.5000E-03,+42.4120E-03,1,+6.1E-06
+51.7500E-03,+12.2613E-03,1,+6.1E-06
+52.0000E-03,+32.3618E-03,1,+6.1E-06
+52.2500E-03,+27.3367E-03,1,+6.1E-06
+52.5000E-03,+27.3367E-03,1,+6.1E-06
+52.7500E-03,+3.2283416E+00,1,+6.1E-06
+53.0000E-03,+62.5125E-03,1,+6.1E-06
+53.2500E-03,+27.3367E-03,1,+6.1E-06
+53.5000E-03,+3.0826130E+00,1,+6.1E-06
+53.7500E-03,+67.5377E-03,1,+6.1E-06
+54.0000E-03,+62.5125E-03,1,+6.1E-06
+54.2500E-03,+27.3367E-03,1,+6.1E-06
+54.5000E-03,+27.3367E-03,1,+6.1E-06
+54.7500E-03,+42.4120E-03,1,+6.1E-06
+55.0000E-03,+67.5377E-03,1,+6.1E-06
+55.2500E-03,-2.8141E-03,1,+6.1E-06
+55.5000E-03,+27.3367E-03,1,+6.1E-06
+55.7500E-03,+52.4623E-03,1,+6.1E-06
+56.0000E-03,+62.5125E-03,1,+6.1E-06
+56.2500E-03,+27.3367E-03,1,+6.1E-06
+56.5000E-03,+27.3367E-03,1,+6.1E-06
+56.7500E-03,+27.3367E-03,1,+6.1E-06
+57.0000E-03,+117.7889E-03,1,+6.1E-06
+57.2500E-03,+67.5377E-03,1,+6.1E-06
+57.5000E-03,+27.3367E-03,1,+6.1E-06
+57.7500E-03,+52.4623E-03,1,+6.1E-06
+58.0000E-03,+2.7409045E+00,1,+6.1E-06
+58.2500E-03,+22.3115E-03,1,+6.1E-06
+58.5000E-03,+27.3367E-03,1,+6.1E-06
+58.7500E-03,+52.4623E-03,1,+6.1E-06
+59.0000E-03,-12.8644E-03,1,+6.1E-06
+59.2500E-03,+27.3367E-03,1,+6.1E-06
+59.5000E-03,+27.3367E-03,1,+6.1E-06
+59.7500E-03,+42.4120E-03,1,+6.1E-06
+60.0000E-03,+62.5125E-03,1,+6.1E-06
+60.2500E-03,+3.2082411E+00,1,+6.1E-06
+60.5000E-03,+52.4623E-03,1,+6.1E-06
+60.7500E-03,+27.3367E-03,1,+6.1E-06
+61.0000E-03,+62.5125E-03,1,+6.1E-06
+61.2500E-03,+32.3618E-03,1,+6.1E-06
+61.5000E-03,+52.4623E-03,1,+6.1E-06
+61.7500E-03,+52.4623E-03,1,+6.1E-06
+62.0000E-03,+67.5377E-03,1,+6.1E-06
+62.2500E-03,+22.3115E-03,1,+6.1E-06
+62.5000E-03,+3.2434170E+00,1,+6.1E-06
+62.7500E-03,+52.4623E-03,1,+6.1E-06
+63.0000E-03,+22.3115E-03,1,+6.1E-06
+63.2500E-03,+32.3618E-03,1,+6.1E-06
+63.5000E-03,+42.4120E-03,1,+6.1E-06
+63.7500E-03,+27.3367E-03,1,+6.1E-06
+64.0000E-03,+27.3367E-03,1,+6.1E-06
+64.2500E-03,+32.3618E-03,1,+6.1E-06
+64.5000E-03,-12.8644E-03,1,+6.1E-06
+64.7500E-03,+3.2434170E+00,1,+6.1E-06
+65.0000E-03,+27.3367E-03,1,+6.1E-06
+65.2500E-03,+27.3367E-03,1,+6.1E-06
+65.5000E-03,+2.2110E-03,1,+6.1E-06
+65.7500E-03,+1.8866331E+00,1,+6.1E-06
+66.0000E-03,-12.8644E-03,1,+6.1E-06
+66.2500E-03,+27.3367E-03,1,+6.1E-06
+66.5000E-03,+17.2864E-03,1,+6.1E-06
+66.7500E-03,+27.3367E-03,1,+6.1E-06
+67.0000E-03,+47.4372E-03,1,+6.1E-06
+67.2500E-03,-7.8392E-03,1,+6.1E-06
+67.5000E-03,+2.2110E-03,1,+6.1E-06
+67.7500E-03,+12.2613E-03,1,+6.1E-06
+68.0000E-03,+3.2836180E+00,1,+6.1E-06
+68.2500E-03,+27.3367E-03,1,+6.1E-06
+68.5000E-03,+2.2110E-03,1,+6.1E-06
+68.7500E-03,+27.3367E-03,1,+6.1E-06
+69.0000E-03,-12.8644E-03,1,+6.1E-06
+69.2500E-03,-7.8392E-03,1,+6.1E-06
+69.5000E-03,+52.4623E-03,1,+6.1E-06
+69.7500E-03,+27.3367E-03,1,+6.1E-06
+70.0000E-03,+67.5377E-03,1,+6.1E-06
+70.2500E-03,+3.2735678E+00,1,+6.1E-06
+70.5000E-03,+27.3367E-03,1,+6.1E-06
+70.7500E-03,+27.3367E-03,1,+6.1E-06
+71.0000E-03,+67.5377E-03,1,+6.1E-06
+71.2500E-03,-12.8644E-03,1,+6.1E-06
+71.5000E-03,+27.3367E-03,1,+6.1E-06
+71.7500E-03,+27.3367E-03,1,+6.1E-06
+72.0000E-03,+27.3367E-03,1,+6.1E-06
+72.2500E-03,+22.3115E-03,1,+6.1E-06
+72.5000E-03,+3.2434170E+00,1,+6.1E-06
+72.7500E-03,+27.3367E-03,1,+6.1E-06
+73.0000E-03,-7.8392E-03,1,+6.1E-06
+73.2500E-03,+62.5125E-03,1,+6.1E-06
+73.5000E-03,+27.3367E-03,1,+6.1E-06
+73.7500E-03,+12.2613E-03,1,+6.1E-06
+74.0000E-03,+27.3367E-03,1,+6.1E-06
+74.2500E-03,-12.8644E-03,1,+6.1E-06
+74.5000E-03,+27.3367E-03,1,+6.1E-06
+74.7500E-03,+3.2685426E+00,1,+6.1E-06
+75.0000E-03,+27.3367E-03,1,+6.1E-06
+75.2500E-03,-7.8392E-03,1,+6.1E-06
+75.5000E-03,+52.4623E-03,1,+6.1E-06
+75.7500E-03,+3.2434170E+00,1,+6.1E-06
+76.0000E-03,+22.3115E-03,1,+6.1E-06
+76.2500E-03,-7.8392E-03,1,+6.1E-06
+76.5000E-03,+27.3367E-03,1,+6.1E-06
+76.7500E-03,+2.2110E-03,1,+6.1E-06
+77.0000E-03,-2.8141E-03,1,+6.1E-06
+77.2500E-03,+27.3367E-03,1,+6.1E-06
+77.5000E-03,+12.2613E-03,1,+6.1E-06
+77.7500E-03,-12.8644E-03,1,+6.1E-06
+78.0000E-03,+3.2434170E+00,1,+6.1E-06
+78.2500E-03,+22.3115E-03,1,+6.1E-06
+78.5000E-03,+27.3367E-03,1,+6.1E-06
+78.7500E-03,+2.2110E-03,1,+6.1E-06
+79.0000E-03,+32.3618E-03,1,+6.1E-06
+79.2500E-03,-12.8644E-03,1,+6.1E-06
+79.5000E-03,+12.2613E-03,1,+6.1E-06
+79.7500E-03,+2.2110E-03,1,+6.1E-06
+80.0000E-03,+67.5377E-03,1,+6.1E-06
+80.2500E-03,+3.2383919E+00,1,+6.1E-06
+80.5000E-03,+27.3367E-03,1,+6.1E-06
+80.7500E-03,+12.2613E-03,1,+6.1E-06
+81.0000E-03,+27.3367E-03,1,+6.1E-06
+81.2500E-03,+22.3115E-03,1,+6.1E-06
+81.5000E-03,+2.2110E-03,1,+6.1E-06
+81.7500E-03,+12.2613E-03,1,+6.1E-06
+82.0000E-03,-12.8644E-03,1,+6.1E-06
+82.2500E-03,+27.3367E-03,1,+6.1E-06
+82.5000E-03,-12.8644E-03,1,+6.1E-06
+82.7500E-03,+12.2613E-03,1,+6.1E-06
+83.0000E-03,+3.2383919E+00,1,+6.1E-06
+83.2500E-03,+27.3367E-03,1,+6.1E-06
+83.5000E-03,+12.2613E-03,1,+6.1E-06
+83.7500E-03,+27.3367E-03,1,+6.1E-06
+84.0000E-03,-22.9146E-03,1,+6.1E-06
+84.2500E-03,-7.8392E-03,1,+6.1E-06
+84.5000E-03,+27.3367E-03,1,+6.1E-06
+84.7500E-03,+1.5197989E+00,1,+6.1E-06
+85.0000E-03,-7.8392E-03,1,+6.1E-06
+85.2500E-03,+3.2082411E+00,1,+6.1E-06
+85.5000E-03,+12.2613E-03,1,+6.1E-06
+85.7500E-03,+2.2110E-03,1,+6.1E-06
+86.0000E-03,+27.3367E-03,1,+6.1E-06
+86.2500E-03,+3.2383919E+00,1,+6.1E-06
+86.5000E-03,+12.2613E-03,1,+6.1E-06
+86.7500E-03,-22.9146E-03,1,+6.1E-06
+87.0000E-03,+22.3115E-03,1,+6.1E-06
+87.2500E-03,+27.3367E-03,1,+6.1E-06
+87.5000E-03,+3.2182914E+00,1,+6.1E-06
+87.7500E-03,+27.3367E-03,1,+6.1E-06
+88.0000E-03,+22.3115E-03,1,+6.1E-06
+88.2500E-03,-12.8644E-03,1,+6.1E-06
+88.5000E-03,+3.2434170E+00,1,+6.1E-06
+88.7500E-03,+27.3367E-03,1,+6.1E-06
+89.0000E-03,+22.3115E-03,1,+6.1E-06
+89.2500E-03,+27.3367E-03,1,+6.1E-06
+89.5000E-03,+27.3367E-03,1,+6.1E-06
+89.7500E-03,+57.4874E-03,1,+6.1E-06
+90.0000E-03,+22.3115E-03,1,+6.1E-06
+90.2500E-03,-12.8644E-03,1,+6.1E-06
+90.5000E-03,+12.2613E-03,1,+6.1E-06
+90.7500E-03,+3.2434170E+00,1,+6.1E-06
+91.0000E-03,+27.3367E-03,1,+6.1E-06
+91.2500E-03,+27.3367E-03,1,+6.1E-06
+91.5000E-03,+17.2864E-03,1,+6.1E-06
+91.7500E-03,+2.2110E-03,1,+6.1E-06
+92.0000E-03,+17.2864E-03,1,+6.1E-06
+92.2500E-03,+22.3115E-03,1,+6.1E-06
+92.5000E-03,+2.2110E-03,1,+6.1E-06
+92.7500E-03,+27.3367E-03,1,+6.1E-06
+93.0000E-03,+3.2082411E+00,1,+6.1E-06
+93.2500E-03,-7.8392E-03,1,+6.1E-06
+93.5000E-03,+27.3367E-03,1,+6.1E-06
+93.7500E-03,+27.3367E-03,1,+6.1E-06
+94.0000E-03,+3.2333668E+00,1,+6.1E-06
+94.2500E-03,+22.3115E-03,1,+6.1E-06
+94.5000E-03,+27.3367E-03,1,+6.1E-06
+94.7500E-03,-12.8644E-03,1,+6.1E-06
+95.0000E-03,-12.8644E-03,1,+6.1E-06
+95.2500E-03,+3.2032160E+00,1,+6.1E-06
+95.5000E-03,+2.2110E-03,1,+6.1E-06
+95.7500E-03,+2.2110E-03,1,+6.1E-06
+96.0000E-03,-12.8644E-03,1,+6.1E-06
+96.2500E-03,+3.2383919E+00,1,+6.1E-06
+96.5000E-03,+2.2110E-03,1,+6.1E-06
+96.7500E-03,+2.2110E-03,1,+6.1E-06
+97.0000E-03,+27.3367E-03,1,+6.1E-06
+97.2500E-03,-7.8392E-03,1,+6.1E-06
+97.5000E-03,+2.5901507E+00,1,+6.1E-06
+97.7500E-03,-12.8644E-03,1,+6.1E-06
+98.0000E-03,+22.3115E-03,1,+6.1E-06
+98.2500E-03,-7.8392E-03,1,+6.1E-06
+98.5000E-03,+3.2333668E+00,1,+6.1E-06
+98.7500E-03,+12.2613E-03,1,+6.1E-06
+99.0000E-03,-12.8644E-03,1,+6.1E-06
+99.2500E-03,+22.3115E-03,1,+6.1E-06
+99.5000E-03,-12.8644E-03,1,+6.1E-06
+99.7500E-03,+2.2110E-03,1,+6.1E-06
+100.0000E-03,-7.8392E-03,1,+6.1E-06
+100.2500E-03,-7.8392E-03,1,+6.1E-06
+100.5000E-03,-12.8644E-03,1,+6.1E-06
+100.7500E-03,+3.2434170E+00,1,+6.1E-06
+101.0000E-03,+27.3367E-03,1,+6.1E-06
+101.2500E-03,+27.3367E-03,1,+6.1E-06
+101.5000E-03,+27.3367E-03,1,+6.1E-06
+101.7500E-03,+3.0323617E+00,1,+6.1E-06
+102.0000E-03,+22.3115E-03,1,+6.1E-06
+102.2500E-03,+27.3367E-03,1,+6.1E-06
+102.5000E-03,+27.3367E-03,1,+6.1E-06
+102.7500E-03,+27.3367E-03,1,+6.1E-06
+103.0000E-03,+3.2434170E+00,1,+6.1E-06
+103.2500E-03,-48.0402E-03,1,+6.1E-06
+103.5000E-03,+2.2110E-03,1,+6.1E-06
+103.7500E-03,+27.3367E-03,1,+6.1E-06
+104.0000E-03,+3.2383919E+00,1,+6.1E-06
+104.2500E-03,-7.8392E-03,1,+6.1E-06
+104.5000E-03,+12.2613E-03,1,+6.1E-06
+104.7500E-03,-12.8644E-03,1,+6.1E-06
+105.0000E-03,-48.0402E-03,1,+6.1E-06
+105.2500E-03,+3.2082411E+00,1,+6.1E-06
+105.5000E-03,+2.2110E-03,1,+6.1E-06
+105.7500E-03,+2.2110E-03,1,+6.1E-06
+106.0000E-03,-2.8141E-03,1,+6.1E-06
+106.2500E-03,+3.2082411E+00,1,+6.1E-06
+106.5000E-03,+2.2110E-03,1,+6.1E-06
+106.7500E-03,+2.2110E-03,1,+6.1E-06
+107.0000E-03,+27.3367E-03,1,+6.1E-06
+107.2500E-03,-12.8644E-03,1,+6.1E-06
+107.5000E-03,+1.0625125E+00,1,+6.1E-06
+107.7500E-03,+12.2613E-03,1,+6.1E-06
+108.0000E-03,-17.8895E-03,1,+6.1E-06
+108.2500E-03,-7.8392E-03,1,+6.1E-06
+108.5000E-03,+3.2584924E+00,1,+6.1E-06
+108.7500E-03,+12.2613E-03,1,+6.1E-06
+109.0000E-03,-12.8644E-03,1,+6.1E-06
+109.2500E-03,+57.4874E-03,1,+6.1E-06
+109.5000E-03,+3.2434170E+00,1,+6.1E-06
+109.7500E-03,+27.3367E-03,1,+6.1E-06
+110.0000E-03,-7.8392E-03,1,+6.1E-06
+110.2500E-03,-2.8141E-03,1,+6.1E-06
+110.5000E-03,-12.8644E-03,1,+6.1E-06
+110.7500E-03,+3.2283416E+00,1,+6.1E-06
+111.0000E-03,+32.3618E-03,1,+6.1E-06
+111.2500E-03,-7.8392E-03,1,+6.1E-06
+111.5000E-03,-12.8644E-03,1,+6.1E-06
+111.7500E-03,+3.2584924E+00,1,+6.1E-06
+112.0000E-03,+22.3115E-03,1,+6.1E-06
+112.2500E-03,+27.3367E-03,1,+6.1E-06
+112.5000E-03,-12.8644E-03,1,+6.1E-06
+112.7500E-03,+2.2110E-03,1,+6.1E-06
+113.0000E-03,+3.2434170E+00,1,+6.1E-06
+113.2500E-03,-7.8392E-03,1,+6.1E-06
+113.5000E-03,-12.8644E-03,1,+6.1E-06
+113.7500E-03,-12.8644E-03,1,+6.1E-06
+114.0000E-03,+3.2082411E+00,1,+6.1E-06
+114.2500E-03,-7.8392E-03,1,+6.1E-06
+114.5000E-03,+2.2110E-03,1,+6.1E-06
+114.7500E-03,-12.8644E-03,1,+6.1E-06
+115.0000E-03,+22.3115E-03,1,+6.1E-06
+115.2500E-03,+3.2434170E+00,1,+6.1E-06
+115.5000E-03,+27.3367E-03,1,+6.1E-06
+115.7500E-03,+27.3367E-03,1,+6.1E-06
+116.0000E-03,+27.3367E-03,1,+6.1E-06
+116.2500E-03,+3.2434170E+00,1,+6.1E-06
+116.5000E-03,-12.8644E-03,1,+6.1E-06
+116.7500E-03,+12.2613E-03,1,+6.1E-06
+117.0000E-03,-7.8392E-03,1,+6.1E-06
+117.2500E-03,+2.8866331E+00,1,+6.1E-06
+117.5000E-03,+168.0402E-03,1,+6.1E-06
+117.7500E-03,+2.2110E-03,1,+6.1E-06
+118.0000E-03,-12.8644E-03,1,+6.1E-06
+118.2500E-03,+22.3115E-03,1,+6.1E-06
+118.5000E-03,+3.2434170E+00,1,+6.1E-06
+118.7500E-03,+12.2613E-03,1,+6.1E-06
+119.0000E-03,+22.3115E-03,1,+6.1E-06
+119.2500E-03,-12.8644E-03,1,+6.1E-06
+119.5000E-03,+3.2283416E+00,1,+6.1E-06
+119.7500E-03,-12.8644E-03,1,+6.1E-06
+120.0000E-03,-7.8392E-03,1,+6.1E-06
+120.2500E-03,+27.3367E-03,1,+6.1E-06
+120.5000E-03,-37.9900E-03,1,+6.1E-06
+120.7500E-03,+3.2283416E+00,1,+6.1E-06
+121.0000E-03,+22.3115E-03,1,+6.1E-06
+121.2500E-03,-7.8392E-03,1,+6.1E-06
+121.5000E-03,+27.3367E-03,1,+6.1E-06
+121.7500E-03,+3.2333668E+00,1,+6.1E-06
+122.0000E-03,-7.8392E-03,1,+6.1E-06
+122.2500E-03,-12.8644E-03,1,+6.1E-06
+122.5000E-03,+2.2110E-03,1,+6.1E-06
+122.7500E-03,+2.2110E-03,1,+6.1E-06
+123.0000E-03,+3.2383919E+00,1,+6.1E-06
+123.2500E-03,-12.8644E-03,1,+6.1E-06
+123.5000E-03,-12.8644E-03,1,+6.1E-06
+123.7500E-03,-27.9397E-03,1,+6.1E-06
+124.0000E-03,+3.2383919E+00,1,+6.1E-06
+124.2500E-03,-7.8392E-03,1,+6.1E-06
+124.5000E-03,+12.2613E-03,1,+6.1E-06
+124.7500E-03,-12.8644E-03,1,+6.1E-06
+125.0000E-03,+2.8514572E+00,1,+6.1E-06
+125.2500E-03,+3.2434170E+00,1,+6.1E-06
+125.5000E-03,-12.8644E-03,1,+6.1E-06
+125.7500E-03,+12.2613E-03,1,+6.1E-06
+126.0000E-03,+27.3367E-03,1,+6.1E-06
+126.2500E-03,+3.2383919E+00,1,+6.1E-06
+126.5000E-03,+2.2110E-03,1,+6.1E-06
+126.7500E-03,+12.2613E-03,1,+6.1E-06
+127.0000E-03,+22.3115E-03,1,+6.1E-06
+127.2500E-03,+3.2785929E+00,1,+6.1E-06
+127.5000E-03,+12.2613E-03,1,+6.1E-06
+127.7500E-03,+42.4120E-03,1,+6.1E-06
+128.0000E-03,-7.8392E-03,1,+6.1E-06
+128.2500E-03,+22.3115E-03,1,+6.1E-06
+128.5000E-03,+3.2283416E+00,1,+6.1E-06
+128.7500E-03,+2.2110E-03,1,+6.1E-06
+129.0000E-03,+22.3115E-03,1,+6.1E-06
+129.2500E-03,-12.8644E-03,1,+6.1E-06
+129.5000E-03,+3.2434170E+00,1,+6.1E-06
+129.7500E-03,+12.2613E-03,1,+6.1E-06
+130.0000E-03,-12.8644E-03,1,+6.1E-06
+130.2500E-03,+22.3115E-03,1,+6.1E-06
+130.5000E-03,+2.2110E-03,1,+6.1E-06
+130.7500E-03,+3.2584924E+00,1,+6.1E-06
+131.0000E-03,+22.3115E-03,1,+6.1E-06
+131.2500E-03,-7.8392E-03,1,+6.1E-06
+131.5000E-03,-22.9146E-03,1,+6.1E-06
+131.7500E-03,+3.2685426E+00,1,+6.1E-06
+132.0000E-03,-7.8392E-03,1,+6.1E-06
+132.2500E-03,-7.8392E-03,1,+6.1E-06
+132.5000E-03,-12.8644E-03,1,+6.1E-06
+132.7500E-03,+2.7459296E+00,1,+6.1E-06
+133.0000E-03,+3.2434170E+00,1,+6.1E-06
+133.2500E-03,-2.8141E-03,1,+6.1E-06
+133.5000E-03,+12.2613E-03,1,+6.1E-06
+133.7500E-03,-27.9397E-03,1,+6.1E-06
+134.0000E-03,+3.2434170E+00,1,+6.1E-06
+134.2500E-03,+22.3115E-03,1,+6.1E-06
+134.5000E-03,+12.2613E-03,1,+6.1E-06
+134.7500E-03,-12.8644E-03,1,+6.1E-06
+135.0000E-03,+3.2484421E+00,1,+6.1E-06
+135.2500E-03,+3.1881406E+00,1,+6.1E-06
+135.5000E-03,+27.3367E-03,1,+6.1E-06
+135.7500E-03,+12.2613E-03,1,+6.1E-06
+136.0000E-03,-12.8644E-03,1,+6.1E-06
+136.2500E-03,+3.2434170E+00,1,+6.1E-06
+136.5000E-03,+2.2110E-03,1,+6.1E-06
+136.7500E-03,+2.2110E-03,1,+6.1E-06
+137.0000E-03,-12.8644E-03,1,+6.1E-06
+137.2500E-03,+3.2785929E+00,1,+6.1E-06
+137.5000E-03,-12.8644E-03,1,+6.1E-06
+137.7500E-03,+2.2110E-03,1,+6.1E-06
+138.0000E-03,-7.8392E-03,1,+6.1E-06
+138.2500E-03,-12.8644E-03,1,+6.1E-06
+138.5000E-03,+3.2283416E+00,1,+6.1E-06
+138.7500E-03,+12.2613E-03,1,+6.1E-06
+139.0000E-03,+22.3115E-03,1,+6.1E-06
+139.2500E-03,+27.3367E-03,1,+6.1E-06
+139.5000E-03,+3.2434170E+00,1,+6.1E-06
+139.7500E-03,-12.8644E-03,1,+6.1E-06
+140.0000E-03,-12.8644E-03,1,+6.1E-06
+140.2500E-03,-12.8644E-03,1,+6.1E-06
+140.5000E-03,+2.6152763E+00,1,+6.1E-06
+140.7500E-03,+3.2685426E+00,1,+6.1E-06
+141.0000E-03,+22.3115E-03,1,+6.1E-06
+141.2500E-03,-48.0402E-03,1,+6.1E-06
+141.5000E-03,-12.8644E-03,1,+6.1E-06
+141.7500E-03,+3.2685426E+00,1,+6.1E-06
+142.0000E-03,-12.8644E-03,1,+6.1E-06
+142.2500E-03,-12.8644E-03,1,+6.1E-06
+142.5000E-03,+12.2613E-03,1,+6.1E-06
+142.7500E-03,+3.2434170E+00,1,+6.1E-06
+143.0000E-03,+3.2434170E+00,1,+6.1E-06
+143.2500E-03,-12.8644E-03,1,+6.1E-06
+143.5000E-03,+27.3367E-03,1,+6.1E-06
+143.7500E-03,+2.2110E-03,1,+6.1E-06
+144.0000E-03,+3.2434170E+00,1,+6.1E-06
+144.2500E-03,+22.3115E-03,1,+6.1E-06
+144.5000E-03,+2.2110E-03,1,+6.1E-06
+144.7500E-03,+27.3367E-03,1,+6.1E-06
+145.0000E-03,+3.2082411E+00,1,+6.1E-06
+145.2500E-03,+163.0150E-03,1,+6.1E-06
+145.5000E-03,+12.2613E-03,1,+6.1E-06
+145.7500E-03,-12.8644E-03,1,+6.1E-06
+146.0000E-03,-12.8644E-03,1,+6.1E-06
+146.2500E-03,+3.2383919E+00,1,+6.1E-06
+146.5000E-03,-12.8644E-03,1,+6.1E-06
+146.7500E-03,+27.3367E-03,1,+6.1E-06
+147.0000E-03,-7.8392E-03,1,+6.1E-06
+147.2500E-03,+3.2434170E+00,1,+6.1E-06
+147.5000E-03,-12.8644E-03,1,+6.1E-06
+147.7500E-03,+2.2110E-03,1,+6.1E-06
+148.0000E-03,-12.8644E-03,1,+6.1E-06
+148.2500E-03,+3.0625125E+00,1,+6.1E-06
+148.5000E-03,+3.2434170E+00,1,+6.1E-06
+148.7500E-03,-12.8644E-03,1,+6.1E-06
+149.0000E-03,-48.0402E-03,1,+6.1E-06
+149.2500E-03,-12.8644E-03,1,+6.1E-06
+149.5000E-03,+3.2283416E+00,1,+6.1E-06
+149.7500E-03,+27.3367E-03,1,+6.1E-06
+150.0000E-03,-12.8644E-03,1,+6.1E-06
+150.2500E-03,-12.8644E-03,1,+6.1E-06
+150.5000E-03,+3.2182914E+00,1,+6.1E-06
+150.7500E-03,+3.2434170E+00,1,+6.1E-06
+151.0000E-03,+22.3115E-03,1,+6.1E-06
+151.2500E-03,+27.3367E-03,1,+6.1E-06
+151.5000E-03,-12.8644E-03,1,+6.1E-06
+151.7500E-03,+3.2434170E+00,1,+6.1E-06
+152.0000E-03,-12.8644E-03,1,+6.1E-06
+152.2500E-03,-12.8644E-03,1,+6.1E-06
+152.5000E-03,-27.9397E-03,1,+6.1E-06
+152.7500E-03,+3.2283416E+00,1,+6.1E-06
+153.0000E-03,+3.2434170E+00,1,+6.1E-06
+153.2500E-03,-12.8644E-03,1,+6.1E-06
+153.5000E-03,-12.8644E-03,1,+6.1E-06
+153.7500E-03,+2.2110E-03,1,+6.1E-06
+154.0000E-03,+3.2383919E+00,1,+6.1E-06
+154.2500E-03,-12.8644E-03,1,+6.1E-06
+154.5000E-03,+152.9648E-03,1,+6.1E-06
+154.7500E-03,-12.8644E-03,1,+6.1E-06
+155.0000E-03,+3.2383919E+00,1,+6.1E-06
+155.2500E-03,-12.8644E-03,1,+6.1E-06
+155.5000E-03,+12.2613E-03,1,+6.1E-06
+155.7500E-03,-53.0654E-03,1,+6.1E-06
+156.0000E-03,+2.8615075E+00,1,+6.1E-06
+156.2500E-03,+3.2383919E+00,1,+6.1E-06
+156.5000E-03,-27.9397E-03,1,+6.1E-06
+156.7500E-03,-12.8644E-03,1,+6.1E-06
+157.0000E-03,-12.8644E-03,1,+6.1E-06
+157.2500E-03,+3.2434170E+00,1,+6.1E-06
+157.5000E-03,+37.3869E-03,1,+6.1E-06
+157.7500E-03,+2.2110E-03,1,+6.1E-06
+158.0000E-03,-12.8644E-03,1,+6.1E-06
+158.2500E-03,+3.2735678E+00,1,+6.1E-06
+158.5000E-03,+3.2032160E+00,1,+6.1E-06
+158.7500E-03,-27.9397E-03,1,+6.1E-06
+159.0000E-03,-12.8644E-03,1,+6.1E-06
+159.2500E-03,-7.8392E-03,1,+6.1E-06
+159.5000E-03,+3.2685426E+00,1,+6.1E-06
+159.7500E-03,+12.2613E-03,1,+6.1E-06
+160.0000E-03,-12.8644E-03,1,+6.1E-06
+160.2500E-03,-12.8644E-03,1,+6.1E-06
+160.5000E-03,+3.2182914E+00,1,+6.1E-06
+160.7500E-03,+3.2534673E+00,1,+6.1E-06
+161.0000E-03,-7.8392E-03,1,+6.1E-06
+161.2500E-03,-12.8644E-03,1,+6.1E-06
+161.5000E-03,+12.2613E-03,1,+6.1E-06
+161.7500E-03,+3.2434170E+00,1,+6.1E-06
+162.0000E-03,+22.3115E-03,1,+6.1E-06
+162.2500E-03,-48.0402E-03,1,+6.1E-06
+162.5000E-03,-12.8644E-03,1,+6.1E-06
+162.7500E-03,+3.2283416E+00,1,+6.1E-06
+163.0000E-03,+3.2082411E+00,1,+6.1E-06
+163.2500E-03,-7.8392E-03,1,+6.1E-06
+163.5000E-03,+12.2613E-03,1,+6.1E-06
+163.7500E-03,+2.8363818E+00,1,+6.1E-06
+164.0000E-03,+3.2484421E+00,1,+6.1E-06
+164.2500E-03,+796.1809E-03,1,+6.1E-06
+164.5000E-03,-12.8644E-03,1,+6.1E-06
+164.7500E-03,+12.2613E-03,1,+6.1E-06
+165.0000E-03,+3.2434170E+00,1,+6.1E-06
+165.2500E-03,-7.8392E-03,1,+6.1E-06
+165.5000E-03,-2.8141E-03,1,+6.1E-06
+165.7500E-03,+2.2110E-03,1,+6.1E-06
+166.0000E-03,+3.2082411E+00,1,+6.1E-06
+166.2500E-03,+3.2434170E+00,1,+6.1E-06
+166.5000E-03,-37.9900E-03,1,+6.1E-06
+166.7500E-03,-12.8644E-03,1,+6.1E-06
+167.0000E-03,-48.0402E-03,1,+6.1E-06
+167.2500E-03,+3.2434170E+00,1,+6.1E-06
+167.5000E-03,+2.2110E-03,1,+6.1E-06
+167.7500E-03,+37.3869E-03,1,+6.1E-06
+168.0000E-03,-12.8644E-03,1,+6.1E-06
+168.2500E-03,+3.2434170E+00,1,+6.1E-06
+168.5000E-03,+3.2283416E+00,1,+6.1E-06
+168.7500E-03,-12.8644E-03,1,+6.1E-06
+169.0000E-03,+22.3115E-03,1,+6.1E-06
+169.2500E-03,+22.3115E-03,1,+6.1E-06
+169.5000E-03,+3.2434170E+00,1,+6.1E-06
+169.7500E-03,-37.9900E-03,1,+6.1E-06
+170.0000E-03,-12.8644E-03,1,+6.1E-06
+170.2500E-03,+22.3115E-03,1,+6.1E-06
+170.5000E-03,+3.2434170E+00,1,+6.1E-06
+170.7500E-03,+3.2434170E+00,1,+6.1E-06
+171.0000E-03,-7.8392E-03,1,+6.1E-06
+171.2500E-03,-7.8392E-03,1,+6.1E-06
+171.5000E-03,+1.8966834E+00,1,+6.1E-06
+171.7500E-03,+3.2182914E+00,1,+6.1E-06
+172.0000E-03,+27.3367E-03,1,+6.1E-06
+172.2500E-03,-12.8644E-03,1,+6.1E-06
+172.5000E-03,+27.3367E-03,1,+6.1E-06
+172.7500E-03,+3.2584924E+00,1,+6.1E-06
+173.0000E-03,+534.8743E-03,1,+6.1E-06
+173.2500E-03,-17.8895E-03,1,+6.1E-06
+173.5000E-03,-37.9900E-03,1,+6.1E-06
+173.7500E-03,+3.2434170E+00,1,+6.1E-06
+174.0000E-03,+3.2434170E+00,1,+6.1E-06
+174.2500E-03,+22.3115E-03,1,+6.1E-06
+174.5000E-03,+12.2613E-03,1,+6.1E-06
+174.7500E-03,+2.2110E-03,1,+6.1E-06
+175.0000E-03,+3.2082411E+00,1,+6.1E-06
+175.2500E-03,-12.8644E-03,1,+6.1E-06
+175.5000E-03,+12.2613E-03,1,+6.1E-06
+175.7500E-03,+2.2110E-03,1,+6.1E-06
+176.0000E-03,+3.2434170E+00,1,+6.1E-06
+176.2500E-03,+3.2434170E+00,1,+6.1E-06
+176.5000E-03,-12.8644E-03,1,+6.1E-06
+176.7500E-03,+12.2613E-03,1,+6.1E-06
+177.0000E-03,-12.8644E-03,1,+6.1E-06
+177.2500E-03,+3.2082411E+00,1,+6.1E-06
+177.5000E-03,-12.8644E-03,1,+6.1E-06
+177.7500E-03,+12.2613E-03,1,+6.1E-06
+178.0000E-03,-7.8392E-03,1,+6.1E-06
+178.2500E-03,+3.2484421E+00,1,+6.1E-06
+178.5000E-03,+3.2182914E+00,1,+6.1E-06
+178.7500E-03,+2.2110E-03,1,+6.1E-06
+179.0000E-03,+22.3115E-03,1,+6.1E-06
+179.2500E-03,+2.7157788E+00,1,+6.1E-06
+179.5000E-03,+3.2685426E+00,1,+6.1E-06
+179.7500E-03,+12.2613E-03,1,+6.1E-06
+180.0000E-03,-7.8392E-03,1,+6.1E-06
+180.2500E-03,-12.8644E-03,1,+6.1E-06
+180.5000E-03,+3.2434170E+00,1,+6.1E-06
+180.7500E-03,+3.2283416E+00,1,+6.1E-06
+181.0000E-03,-7.8392E-03,1,+6.1E-06
+181.2500E-03,-17.8895E-03,1,+6.1E-06
+181.5000E-03,+3.2182914E+00,1,+6.1E-06
+181.7500E-03,+3.2434170E+00,1,+6.1E-06
+182.0000E-03,-12.8644E-03,1,+6.1E-06
+182.2500E-03,-12.8644E-03,1,+6.1E-06
+182.5000E-03,+2.2110E-03,1,+6.1E-06
+182.7500E-03,+3.2032160E+00,1,+6.1E-06
+183.0000E-03,+2.2110E-03,1,+6.1E-06
+183.2500E-03,+17.2864E-03,1,+6.1E-06
+183.5000E-03,+27.3367E-03,1,+6.1E-06
+183.7500E-03,+3.2685426E+00,1,+6.1E-06
+184.0000E-03,+3.2434170E+00,1,+6.1E-06
+184.2500E-03,-12.8644E-03,1,+6.1E-06
+184.5000E-03,-12.8644E-03,1,+6.1E-06
+184.7500E-03,+2.2110E-03,1,+6.1E-06
+185.0000E-03,+3.2082411E+00,1,+6.1E-06
+185.2500E-03,+22.3115E-03,1,+6.1E-06
+185.5000E-03,-12.8644E-03,1,+6.1E-06
+185.7500E-03,-12.8644E-03,1,+6.1E-06
+186.0000E-03,+3.2032160E+00,1,+6.1E-06
+186.2500E-03,+3.2383919E+00,1,+6.1E-06
+186.5000E-03,-12.8644E-03,1,+6.1E-06
+186.7500E-03,+2.2110E-03,1,+6.1E-06
+187.0000E-03,+2.5248241E+00,1,+6.1E-06
+187.2500E-03,+3.2434170E+00,1,+6.1E-06
+187.5000E-03,+12.2613E-03,1,+6.1E-06
+187.7500E-03,-12.8644E-03,1,+6.1E-06
+188.0000E-03,-7.8392E-03,1,+6.1E-06
+188.2500E-03,+3.2032160E+00,1,+6.1E-06
+188.5000E-03,+3.2182914E+00,1,+6.1E-06
+188.7500E-03,-12.8644E-03,1,+6.1E-06
+189.0000E-03,-17.8895E-03,1,+6.1E-06
+189.2500E-03,+3.2434170E+00,1,+6.1E-06
+189.5000E-03,+3.2182914E+00,1,+6.1E-06
+189.7500E-03,-12.8644E-03,1,+6.1E-06
+190.0000E-03,-12.8644E-03,1,+6.1E-06
+190.2500E-03,-17.8895E-03,1,+6.1E-06
+190.5000E-03,+3.2434170E+00,1,+6.1E-06
+190.7500E-03,+2.7509547E+00,1,+6.1E-06
+191.0000E-03,-7.8392E-03,1,+6.1E-06
+191.2500E-03,-2.8141E-03,1,+6.1E-06
+191.5000E-03,+3.2032160E+00,1,+6.1E-06
+191.7500E-03,+3.2434170E+00,1,+6.1E-06
+192.0000E-03,-12.8644E-03,1,+6.1E-06
+192.2500E-03,-12.8644E-03,1,+6.1E-06
+192.5000E-03,-12.8644E-03,1,+6.1E-06
+192.7500E-03,+3.2434170E+00,1,+6.1E-06
+193.0000E-03,-12.8644E-03,1,+6.1E-06
+193.2500E-03,+22.3115E-03,1,+6.1E-06
+193.5000E-03,-12.8644E-03,1,+6.1E-06
+193.7500E-03,+3.2434170E+00,1,+6.1E-06
+194.0000E-03,+3.2434170E+00,1,+6.1E-06
+194.2500E-03,-43.0151E-03,1,+6.1E-06
+194.5000E-03,-12.8644E-03,1,+6.1E-06
+194.7500E-03,+1.9971859E+00,1,+6.1E-06
+195.0000E-03,+3.2032160E+00,1,+6.1E-06
+195.2500E-03,-7.8392E-03,1,+6.1E-06
+195.5000E-03,-12.8644E-03,1,+6.1E-06
+195.7500E-03,-12.8644E-03,1,+6.1E-06
+196.0000E-03,+3.2434170E+00,1,+6.1E-06
+196.2500E-03,+3.2383919E+00,1,+6.1E-06
+196.5000E-03,-12.8644E-03,1,+6.1E-06
+196.7500E-03,-37.9900E-03,1,+6.1E-06
+197.0000E-03,+3.2434170E+00,1,+6.1E-06
+197.2500E-03,+3.2132663E+00,1,+6.1E-06
+197.5000E-03,+554.9748E-03,1,+6.1E-06
+197.7500E-03,-12.8644E-03,1,+6.1E-06
+198.0000E-03,-48.0402E-03,1,+6.1E-06
+198.2500E-03,+3.2434170E+00,1,+6.1E-06
+198.5000E-03,+3.2283416E+00,1,+6.1E-06
+198.7500E-03,+2.2110E-03,1,+6.1E-06
+199.0000E-03,+22.3115E-03,1,+6.1E-06
+199.2500E-03,+3.2032160E+00,1,+6.1E-06
+199.5000E-03,+3.2434170E+00,1,+6.1E-06
+199.7500E-03,+27.3367E-03,1,+6.1E-06
+200.0000E-03,-17.8895E-03,1,+6.1E-06
+200.2500E-03,-12.8644E-03,1,+6.1E-06
+200.5000E-03,+3.2182914E+00,1,+6.1E-06
+200.7500E-03,+1.2333668E+00,1,+6.1E-06
+201.0000E-03,-12.8644E-03,1,+6.1E-06
+201.2500E-03,+27.3367E-03,1,+6.1E-06
+201.5000E-03,+3.2182914E+00,1,+6.1E-06
+201.7500E-03,+3.2032160E+00,1,+6.1E-06
+202.0000E-03,-17.8895E-03,1,+6.1E-06
+202.2500E-03,-12.8644E-03,1,+6.1E-06
+202.5000E-03,+2.7509547E+00,1,+6.1E-06
+202.7500E-03,+3.2283416E+00,1,+6.1E-06
+203.0000E-03,+22.3115E-03,1,+6.1E-06
+203.2500E-03,-12.8644E-03,1,+6.1E-06
+203.5000E-03,-27.9397E-03,1,+6.1E-06
+203.7500E-03,+3.2434170E+00,1,+6.1E-06
+204.0000E-03,+3.2735678E+00,1,+6.1E-06
+204.2500E-03,-12.8644E-03,1,+6.1E-06
+204.5000E-03,+12.2613E-03,1,+6.1E-06
+204.7500E-03,+3.2283416E+00,1,+6.1E-06
+205.0000E-03,+3.2082411E+00,1,+6.1E-06
+205.2500E-03,-7.8392E-03,1,+6.1E-06
+205.5000E-03,-12.8644E-03,1,+6.1E-06
+205.7500E-03,-12.8644E-03,1,+6.1E-06
+206.0000E-03,+3.2032160E+00,1,+6.1E-06
+206.2500E-03,+3.2434170E+00,1,+6.1E-06
+206.5000E-03,-22.9146E-03,1,+6.1E-06
+206.7500E-03,-12.8644E-03,1,+6.1E-06
+207.0000E-03,+3.2785929E+00,1,+6.1E-06
+207.2500E-03,+3.2484421E+00,1,+6.1E-06
+207.5000E-03,+2.2110E-03,1,+6.1E-06
+207.7500E-03,+12.2613E-03,1,+6.1E-06
+208.0000E-03,+22.3115E-03,1,+6.1E-06
+208.2500E-03,+3.2082411E+00,1,+6.1E-06
+208.5000E-03,+3.2434170E+00,1,+6.1E-06
+208.7500E-03,+27.3367E-03,1,+6.1E-06
+209.0000E-03,-12.8644E-03,1,+6.1E-06
+209.2500E-03,+3.2434170E+00,1,+6.1E-06
+209.5000E-03,+3.2584924E+00,1,+6.1E-06
+209.7500E-03,-12.8644E-03,1,+6.1E-06
+210.0000E-03,-17.8895E-03,1,+6.1E-06
+210.2500E-03,+1.0876381E+00,1,+6.1E-06
+210.5000E-03,+3.2434170E+00,1,+6.1E-06
+210.7500E-03,+57.4874E-03,1,+6.1E-06
+211.0000E-03,+27.3367E-03,1,+6.1E-06
+211.2500E-03,-12.8644E-03,1,+6.1E-06
+211.5000E-03,+3.2584924E+00,1,+6.1E-06
+211.7500E-03,+3.2283416E+00,1,+6.1E-06
+212.0000E-03,+22.3115E-03,1,+6.1E-06
+212.2500E-03,+62.5125E-03,1,+6.1E-06
+212.5000E-03,+3.2685426E+00,1,+6.1E-06
+212.7500E-03,+3.2584924E+00,1,+6.1E-06
+213.0000E-03,-12.8644E-03,1,+6.1E-06
+213.2500E-03,+22.3115E-03,1,+6.1E-06
+213.5000E-03,+27.3367E-03,1,+6.1E-06
+213.7500E-03,+3.2032160E+00,1,+6.1E-06
+214.0000E-03,+3.2383919E+00,1,+6.1E-06
+214.2500E-03,-7.8392E-03,1,+6.1E-06
+214.5000E-03,+27.3367E-03,1,+6.1E-06
+214.7500E-03,+3.2434170E+00,1,+6.1E-06
+215.0000E-03,+3.2434170E+00,1,+6.1E-06
+215.2500E-03,-7.8392E-03,1,+6.1E-06
+215.5000E-03,+12.2613E-03,1,+6.1E-06
+215.7500E-03,-12.8644E-03,1,+6.1E-06
+216.0000E-03,+3.2383919E+00,1,+6.1E-06
+216.2500E-03,+3.2132663E+00,1,+6.1E-06
+216.5000E-03,-12.8644E-03,1,+6.1E-06
+216.7500E-03,+2.2110E-03,1,+6.1E-06
+217.0000E-03,+3.2082411E+00,1,+6.1E-06
+217.2500E-03,+3.2434170E+00,1,+6.1E-06
+217.5000E-03,+2.2110E-03,1,+6.1E-06
+217.7500E-03,-12.8644E-03,1,+6.1E-06
+218.0000E-03,+2.3439195E+00,1,+6.1E-06
+218.2500E-03,+3.2785929E+00,1,+6.1E-06
+218.5000E-03,+3.2182914E+00,1,+6.1E-06
+218.7500E-03,-12.8644E-03,1,+6.1E-06
+219.0000E-03,+22.3115E-03,1,+6.1E-06
+219.2500E-03,+3.2082411E+00,1,+6.1E-06
+219.5000E-03,+3.2434170E+00,1,+6.1E-06
+219.7500E-03,-12.8644E-03,1,+6.1E-06
+220.0000E-03,-12.8644E-03,1,+6.1E-06
+220.2500E-03,+3.2434170E+00,1,+6.1E-06
+220.5000E-03,+3.2434170E+00,1,+6.1E-06
+220.7500E-03,-12.8644E-03,1,+6.1E-06
+221.0000E-03,+22.3115E-03,1,+6.1E-06
+221.2500E-03,-12.8644E-03,1,+6.1E-06
+221.5000E-03,+3.2685426E+00,1,+6.1E-06
+221.7500E-03,+3.2434170E+00,1,+6.1E-06
+222.0000E-03,-12.8644E-03,1,+6.1E-06
+222.2500E-03,-12.8644E-03,1,+6.1E-06
+222.5000E-03,+3.1931658E+00,1,+6.1E-06
+222.7500E-03,+3.2283416E+00,1,+6.1E-06
+223.0000E-03,+27.3367E-03,1,+6.1E-06
+223.2500E-03,-12.8644E-03,1,+6.1E-06
+223.5000E-03,-12.8644E-03,1,+6.1E-06
+223.7500E-03,+3.2182914E+00,1,+6.1E-06
+224.0000E-03,+3.2383919E+00,1,+6.1E-06
+224.2500E-03,-48.0402E-03,1,+6.1E-06
+224.5000E-03,-12.8644E-03,1,+6.1E-06
+224.7500E-03,+3.2434170E+00,1,+6.1E-06
+225.0000E-03,+3.2032160E+00,1,+6.1E-06
+225.2500E-03,-12.8644E-03,1,+6.1E-06
+225.5000E-03,-12.8644E-03,1,+6.1E-06
+225.7500E-03,+1.5700502E+00,1,+6.1E-06
+226.0000E-03,+3.2082411E+00,1,+6.1E-06
+226.2500E-03,+3.2484421E+00,1,+6.1E-06
+226.5000E-03,-12.8644E-03,1,+6.1E-06
+226.7500E-03,+2.2110E-03,1,+6.1E-06
+227.0000E-03,+3.2484421E+00,1,+6.1E-06
+227.2500E-03,+3.2434170E+00,1,+6.1E-06
+227.5000E-03,+12.2613E-03,1,+6.1E-06
+227.7500E-03,+12.2613E-03,1,+6.1E-06
+228.0000E-03,+3.2383919E+00,1,+6.1E-06
+228.2500E-03,+3.2434170E+00,1,+6.1E-06
+228.5000E-03,+1.3740703E+00,1,+6.1E-06
+228.7500E-03,+12.2613E-03,1,+6.1E-06
+229.0000E-03,-12.8644E-03,1,+6.1E-06
+229.2500E-03,+3.2082411E+00,1,+6.1E-06
+229.5000E-03,+3.2182914E+00,1,+6.1E-06
+229.7500E-03,+27.3367E-03,1,+6.1E-06
+230.0000E-03,-12.8644E-03,1,+6.1E-06
+230.2500E-03,+3.2082411E+00,1,+6.1E-06
+230.5000E-03,+3.2434170E+00,1,+6.1E-06
+230.7500E-03,+27.3367E-03,1,+6.1E-06
+231.0000E-03,-12.8644E-03,1,+6.1E-06
+231.2500E-03,-48.0402E-03,1,+6.1E-06
+231.5000E-03,+3.2283416E+00,1,+6.1E-06
+231.7500E-03,+3.2434170E+00,1,+6.1E-06
+232.0000E-03,+22.3115E-03,1,+6.1E-06
+232.2500E-03,-12.8644E-03,1,+6.1E-06
+232.5000E-03,+3.2283416E+00,1,+6.1E-06
+232.7500E-03,+3.2434170E+00,1,+6.1E-06
+233.0000E-03,-7.8392E-03,1,+6.1E-06
+233.2500E-03,-12.8644E-03,1,+6.1E-06
+233.5000E-03,+1.1780904E+00,1,+6.1E-06
+233.7500E-03,+3.2283416E+00,1,+6.1E-06
+234.0000E-03,+3.2082411E+00,1,+6.1E-06
+234.2500E-03,-12.8644E-03,1,+6.1E-06
+234.5000E-03,-12.8644E-03,1,+6.1E-06
+234.7500E-03,+3.2584924E+00,1,+6.1E-06
+235.0000E-03,+3.2434170E+00,1,+6.1E-06
+235.2500E-03,-17.8895E-03,1,+6.1E-06
+235.5000E-03,+27.3367E-03,1,+6.1E-06
+235.7500E-03,+3.2283416E+00,1,+6.1E-06
+236.0000E-03,+3.2434170E+00,1,+6.1E-06
+236.2500E-03,+3.2383919E+00,1,+6.1E-06
+236.5000E-03,-12.8644E-03,1,+6.1E-06
+236.7500E-03,+12.2613E-03,1,+6.1E-06
+237.0000E-03,+3.2434170E+00,1,+6.1E-06
+237.2500E-03,+3.2434170E+00,1,+6.1E-06
+237.5000E-03,-2.8141E-03,1,+6.1E-06
+237.7500E-03,+12.2613E-03,1,+6.1E-06
+238.0000E-03,+3.2082411E+00,1,+6.1E-06
+238.2500E-03,+3.2383919E+00,1,+6.1E-06
+238.5000E-03,+52.4623E-03,1,+6.1E-06
+238.7500E-03,-12.8644E-03,1,+6.1E-06
+239.0000E-03,-48.0402E-03,1,+6.1E-06
+239.2500E-03,+3.2383919E+00,1,+6.1E-06
+239.5000E-03,+3.2032160E+00,1,+6.1E-06
+239.7500E-03,-12.8644E-03,1,+6.1E-06
+240.0000E-03,-48.0402E-03,1,+6.1E-06
+240.2500E-03,+3.2082411E+00,1,+6.1E-06
+240.5000E-03,+3.1027135E+00,1,+6.1E-06
+240.7500E-03,-37.9900E-03,1,+6.1E-06
+241.0000E-03,+22.3115E-03,1,+6.1E-06
+241.2500E-03,+379.0954E-03,1,+6.1E-06
+241.5000E-03,+3.2283416E+00,1,+6.1E-06
+241.7500E-03,+3.2032160E+00,1,+6.1E-06
+242.0000E-03,-12.8644E-03,1,+6.1E-06
+242.2500E-03,+27.3367E-03,1,+6.1E-06
+242.5000E-03,+3.2182914E+00,1,+6.1E-06
+242.7500E-03,+3.2434170E+00,1,+6.1E-06
+243.0000E-03,+22.3115E-03,1,+6.1E-06
+243.2500E-03,-7.8392E-03,1,+6.1E-06
+243.5000E-03,+3.2434170E+00,1,+6.1E-06
+243.7500E-03,+3.2032160E+00,1,+6.1E-06
+244.0000E-03,+3.2434170E+00,1,+6.1E-06
+244.2500E-03,-12.8644E-03,1,+6.1E-06
+244.5000E-03,+12.2613E-03,1,+6.1E-06
+244.7500E-03,+3.2283416E+00,1,+6.1E-06
+245.0000E-03,+3.2434170E+00,1,+6.1E-06
+245.2500E-03,-48.0402E-03,1,+6.1E-06
+245.5000E-03,-22.9146E-03,1,+6.1E-06
+245.7500E-03,+3.2182914E+00,1,+6.1E-06
+246.0000E-03,+3.2082411E+00,1,+6.1E-06
+246.2500E-03,+3.2434170E+00,1,+6.1E-06
+246.5000E-03,+2.2110E-03,1,+6.1E-06
+246.7500E-03,-12.8644E-03,1,+6.1E-06
+247.0000E-03,+3.2032160E+00,1,+6.1E-06
+247.2500E-03,+3.2082411E+00,1,+6.1E-06
+247.5000E-03,-37.9900E-03,1,+6.1E-06
+247.7500E-03,-12.8644E-03,1,+6.1E-06
+248.0000E-03,+3.2434170E+00,1,+6.1E-06
+248.2500E-03,+3.2082411E+00,1,+6.1E-06
+248.5000E-03,-12.8644E-03,1,+6.1E-06
+248.7500E-03,-12.8644E-03,1,+6.1E-06
+249.0000E-03,+2.6605025E+00,1,+6.1E-06
+249.2500E-03,+3.2383919E+00,1,+6.1E-06
+249.5000E-03,+3.2283416E+00,1,+6.1E-06
+249.7500E-03,-12.8644E-03,1,+6.1E-06
+250.0000E-03,-17.8895E-03,1,+6.1E-06
+250.2500E-03,+3.2032160E+00,1,+6.1E-06
+250.5000E-03,+3.2182914E+00,1,+6.1E-06
+250.7500E-03,-12.8644E-03,1,+6.1E-06
+251.0000E-03,-17.8895E-03,1,+6.1E-06
+251.2500E-03,+3.2434170E+00,1,+6.1E-06
+251.5000E-03,+3.2434170E+00,1,+6.1E-06
+251.7500E-03,+3.2434170E+00,1,+6.1E-06
+252.0000E-03,+22.3115E-03,1,+6.1E-06
+252.2500E-03,+22.3115E-03,1,+6.1E-06
+252.5000E-03,+3.2182914E+00,1,+6.1E-06
+252.7500E-03,+3.2434170E+00,1,+6.1E-06
+253.0000E-03,+22.3115E-03,1,+6.1E-06
+253.2500E-03,-12.8644E-03,1,+6.1E-06
+253.5000E-03,+3.2182914E+00,1,+6.1E-06
+253.7500E-03,+3.2182914E+00,1,+6.1E-06
+254.0000E-03,+3.2434170E+00,1,+6.1E-06
+254.2500E-03,-12.8644E-03,1,+6.1E-06
+254.5000E-03,+2.2110E-03,1,+6.1E-06
+254.7500E-03,+3.2032160E+00,1,+6.1E-06
+255.0000E-03,+3.2032160E+00,1,+6.1E-06
+255.2500E-03,-7.8392E-03,1,+6.1E-06
+255.5000E-03,+2.2110E-03,1,+6.1E-06
+255.7500E-03,+3.2434170E+00,1,+6.1E-06
+256.0000E-03,+3.2434170E+00,1,+6.1E-06
+256.2500E-03,+2.5599999E+00,1,+6.1E-06
+256.5000E-03,-27.9397E-03,1,+6.1E-06
+256.7500E-03,+1.8615075E+00,1,+6.1E-06
+257.0000E-03,+3.2383919E+00,1,+6.1E-06
+257.2500E-03,+3.2032160E+00,1,+6.1E-06
+257.5000E-03,-12.8644E-03,1,+6.1E-06
+257.7500E-03,+27.3367E-03,1,+6.1E-06
+258.0000E-03,+3.2082411E+00,1,+6.1E-06
+258.2500E-03,+3.2434170E+00,1,+6.1E-06
+258.5000E-03,-12.8644E-03,1,+6.1E-06
+258.7500E-03,-12.8644E-03,1,+6.1E-06
+259.0000E-03,+3.2434170E+00,1,+6.1E-06
+259.2500E-03,+3.2082411E+00,1,+6.1E-06
+259.5000E-03,+3.2182914E+00,1,+6.1E-06
+259.7500E-03,-37.9900E-03,1,+6.1E-06
+260.0000E-03,+27.3367E-03,1,+6.1E-06
+260.2500E-03,+3.2434170E+00,1,+6.1E-06
+260.5000E-03,+3.2283416E+00,1,+6.1E-06
+260.7500E-03,-37.9900E-03,1,+6.1E-06
+261.0000E-03,-48.0402E-03,1,+6.1E-06
+261.2500E-03,+3.2383919E+00,1,+6.1E-06
+261.5000E-03,+3.2434170E+00,1,+6.1E-06
+261.7500E-03,+3.2182914E+00,1,+6.1E-06
+262.0000E-03,-48.0402E-03,1,+6.1E-06
+262.2500E-03,-12.8644E-03,1,+6.1E-06
+262.5000E-03,+3.2434170E+00,1,+6.1E-06
+262.7500E-03,+3.2182914E+00,1,+6.1E-06
+263.0000E-03,+22.3115E-03,1,+6.1E-06
+263.2500E-03,-12.8644E-03,1,+6.1E-06
+263.5000E-03,+3.2434170E+00,1,+6.1E-06
+263.7500E-03,+3.2434170E+00,1,+6.1E-06
+264.0000E-03,+3.2132663E+00,1,+6.1E-06
+264.2500E-03,-7.8392E-03,1,+6.1E-06
+264.5000E-03,+1.2182914E+00,1,+6.1E-06
+264.7500E-03,+3.2283416E+00,1,+6.1E-06
+265.0000E-03,+3.2383919E+00,1,+6.1E-06
+265.2500E-03,-12.8644E-03,1,+6.1E-06
+265.5000E-03,+12.2613E-03,1,+6.1E-06
+265.7500E-03,+3.2283416E+00,1,+6.1E-06
+266.0000E-03,+3.2383919E+00,1,+6.1E-06
+266.2500E-03,+22.3115E-03,1,+6.1E-06
+266.5000E-03,-37.9900E-03,1,+6.1E-06
+266.7500E-03,+3.2182914E+00,1,+6.1E-06
+267.0000E-03,+3.2434170E+00,1,+6.1E-06
+267.2500E-03,+3.2484421E+00,1,+6.1E-06
+267.5000E-03,+12.2613E-03,1,+6.1E-06
+267.7500E-03,-12.8644E-03,1,+6.1E-06
+268.0000E-03,+3.2132663E+00,1,+6.1E-06
+268.2500E-03,+3.2082411E+00,1,+6.1E-06
+268.5000E-03,-2.8141E-03,1,+6.1E-06
+268.7500E-03,-12.8644E-03,1,+6.1E-06
+269.0000E-03,+3.2082411E+00,1,+6.1E-06
+269.2500E-03,+3.2434170E+00,1,+6.1E-06
+269.5000E-03,+3.2283416E+00,1,+6.1E-06
+269.7500E-03,-27.9397E-03,1,+6.1E-06
+270.0000E-03,-12.8644E-03,1,+6.1E-06
+270.2500E-03,+3.2434170E+00,1,+6.1E-06
+270.5000E-03,+3.2182914E+00,1,+6.1E-06
+270.7500E-03,+12.2613E-03,1,+6.1E-06
+271.0000E-03,-7.8392E-03,1,+6.1E-06
+271.2500E-03,+3.2434170E+00,1,+6.1E-06
+271.5000E-03,+3.2032160E+00,1,+6.1E-06
+271.7500E-03,+3.2434170E+00,1,+6.1E-06
+272.0000E-03,-7.8392E-03,1,+6.1E-06
+272.2500E-03,+1.6906532E+00,1,+6.1E-06
+272.5000E-03,+3.2032160E+00,1,+6.1E-06
+272.7500E-03,+3.2032160E+00,1,+6.1E-06
+273.0000E-03,-12.8644E-03,1,+6.1E-06
+273.2500E-03,-12.8644E-03,1,+6.1E-06
+273.5000E-03,+3.2032160E+00,1,+6.1E-06
+273.7500E-03,+3.2434170E+00,1,+6.1E-06
+274.0000E-03,+3.2785929E+00,1,+6.1E-06
+274.2500E-03,-12.8644E-03,1,+6.1E-06
+274.5000E-03,+3.2283416E+00,1,+6.1E-06
+274.7500E-03,+3.2182914E+00,1,+6.1E-06
+275.0000E-03,+3.2032160E+00,1,+6.1E-06
+275.2500E-03,-12.8644E-03,1,+6.1E-06
+275.5000E-03,+2.2110E-03,1,+6.1E-06
+275.7500E-03,+3.2434170E+00,1,+6.1E-06
+276.0000E-03,+3.2032160E+00,1,+6.1E-06
+276.2500E-03,-7.8392E-03,1,+6.1E-06
+276.5000E-03,-37.9900E-03,1,+6.1E-06
+276.7500E-03,+3.2434170E+00,1,+6.1E-06
+277.0000E-03,+3.2434170E+00,1,+6.1E-06
+277.2500E-03,+3.2383919E+00,1,+6.1E-06
+277.5000E-03,-37.9900E-03,1,+6.1E-06
+277.7500E-03,+12.2613E-03,1,+6.1E-06
+278.0000E-03,+3.2032160E+00,1,+6.1E-06
+278.2500E-03,+3.2434170E+00,1,+6.1E-06
+278.5000E-03,-12.8644E-03,1,+6.1E-06
+278.7500E-03,-12.8644E-03,1,+6.1E-06
+279.0000E-03,+3.2082411E+00,1,+6.1E-06
+279.2500E-03,+3.1680401E+00,1,+6.1E-06
+279.5000E-03,+3.2032160E+00,1,+6.1E-06
+279.7500E-03,-12.8644E-03,1,+6.1E-06
+280.0000E-03,+2.4192964E+00,1,+6.1E-06
+280.2500E-03,+3.2434170E+00,1,+6.1E-06
+280.5000E-03,+3.2182914E+00,1,+6.1E-06
+280.7500E-03,+12.2613E-03,1,+6.1E-06
+281.0000E-03,-17.8895E-03,1,+6.1E-06
+281.2500E-03,+3.2484421E+00,1,+6.1E-06
+281.5000E-03,+3.2283416E+00,1,+6.1E-06
+281.7500E-03,+3.2182914E+00,1,+6.1E-06
+282.0000E-03,-12.8644E-03,1,+6.1E-06
+282.2500E-03,+3.2434170E+00,1,+6.1E-06
+282.5000E-03,+3.2283416E+00,1,+6.1E-06
+282.7500E-03,+3.2182914E+00,1,+6.1E-06
+283.0000E-03,-12.8644E-03,1,+6.1E-06
+283.2500E-03,-12.8644E-03,1,+6.1E-06
+283.5000E-03,+3.2434170E+00,1,+6.1E-06
+283.7500E-03,+3.2434170E+00,1,+6.1E-06
+284.0000E-03,+3.2383919E+00,1,+6.1E-06
+284.2500E-03,-17.8895E-03,1,+6.1E-06
+284.5000E-03,+3.2434170E+00,1,+6.1E-06
+284.7500E-03,+3.2434170E+00,1,+6.1E-06
+285.0000E-03,+3.2082411E+00,1,+6.1E-06
+285.2500E-03,-7.8392E-03,1,+6.1E-06
+285.5000E-03,-12.8644E-03,1,+6.1E-06
+285.7500E-03,+3.2584924E+00,1,+6.1E-06
+286.0000E-03,+3.2082411E+00,1,+6.1E-06
+286.2500E-03,-12.8644E-03,1,+6.1E-06
+286.5000E-03,-37.9900E-03,1,+6.1E-06
+286.7500E-03,+3.2032160E+00,1,+6.1E-06
+287.0000E-03,+3.2434170E+00,1,+6.1E-06
+287.2500E-03,+3.2383919E+00,1,+6.1E-06
+287.5000E-03,+12.2613E-03,1,+6.1E-06
+287.7500E-03,+1.7208040E+00,1,+6.1E-06
+288.0000E-03,+3.2383919E+00,1,+6.1E-06
+288.2500E-03,+3.2383919E+00,1,+6.1E-06
+288.5000E-03,-12.8644E-03,1,+6.1E-06
+288.7500E-03,+12.2613E-03,1,+6.1E-06
+289.0000E-03,+3.2434170E+00,1,+6.1E-06
+289.2500E-03,+3.2082411E+00,1,+6.1E-06
+289.5000E-03,+3.2434170E+00,1,+6.1E-06
+289.7500E-03,-12.8644E-03,1,+6.1E-06
+290.0000E-03,+3.2383919E+00,1,+6.1E-06
+290.2500E-03,+3.2383919E+00,1,+6.1E-06
+290.5000E-03,+3.2434170E+00,1,+6.1E-06
+290.7500E-03,-12.8644E-03,1,+6.1E-06
+291.0000E-03,-12.8644E-03,1,+6.1E-06
+291.2500E-03,+3.2434170E+00,1,+6.1E-06
+291.5000E-03,+3.2685426E+00,1,+6.1E-06
+291.7500E-03,+3.2182914E+00,1,+6.1E-06
+292.0000E-03,-12.8644E-03,1,+6.1E-06
+292.2500E-03,+3.2434170E+00,1,+6.1E-06
+292.5000E-03,+3.2434170E+00,1,+6.1E-06
+292.7500E-03,+3.1780904E+00,1,+6.1E-06
+293.0000E-03,-12.8644E-03,1,+6.1E-06
+293.2500E-03,+22.3115E-03,1,+6.1E-06
+293.5000E-03,+3.2434170E+00,1,+6.1E-06
+293.7500E-03,+3.2283416E+00,1,+6.1E-06
+294.0000E-03,+42.4120E-03,1,+6.1E-06
+294.2500E-03,+22.3115E-03,1,+6.1E-06
+294.5000E-03,+3.2182914E+00,1,+6.1E-06
+294.7500E-03,+3.2182914E+00,1,+6.1E-06
+295.0000E-03,+3.2434170E+00,1,+6.1E-06
+295.2500E-03,-12.8644E-03,1,+6.1E-06
+295.5000E-03,+977.0854E-03,1,+6.1E-06
+295.7500E-03,+3.2434170E+00,1,+6.1E-06
+296.0000E-03,+3.2383919E+00,1,+6.1E-06
+296.2500E-03,-17.8895E-03,1,+6.1E-06
+296.5000E-03,-12.8644E-03,1,+6.1E-06
+296.7500E-03,+3.2032160E+00,1,+6.1E-06
+297.0000E-03,+3.2434170E+00,1,+6.1E-06
+297.2500E-03,+3.2082411E+00,1,+6.1E-06
+297.5000E-03,-12.8644E-03,1,+6.1E-06
+297.7500E-03,+3.2182914E+00,1,+6.1E-06
+298.0000E-03,+3.2082411E+00,1,+6.1E-06
+298.2500E-03,+3.2082411E+00,1,+6.1E-06
+298.5000E-03,-37.9900E-03,1,+6.1E-06
+298.7500E-03,-37.9900E-03,1,+6.1E-06
+299.0000E-03,+3.2383919E+00,1,+6.1E-06
+299.2500E-03,+3.2434170E+00,1,+6.1E-06
+299.5000E-03,+3.2434170E+00,1,+6.1E-06
+299.7500E-03,+2.2110E-03,1,+6.1E-06
+300.0000E-03,+3.2383919E+00,1,+6.1E-06
+300.2500E-03,+3.2434170E+00,1,+6.1E-06
+300.5000E-03,+3.2434170E+00,1,+6.1E-06
+300.7500E-03,+2.2110E-03,1,+6.1E-06
+301.0000E-03,+22.3115E-03,1,+6.1E-06
+301.2500E-03,+3.2434170E+00,1,+6.1E-06
+301.5000E-03,+3.2434170E+00,1,+6.1E-06
+301.7500E-03,+3.2434170E+00,1,+6.1E-06
+302.0000E-03,-12.8644E-03,1,+6.1E-06
+302.2500E-03,+3.2735678E+00,1,+6.1E-06
+302.5000E-03,+3.2434170E+00,1,+6.1E-06
+302.7500E-03,+3.2434170E+00,1,+6.1E-06
+303.0000E-03,-12.8644E-03,1,+6.1E-06
+303.2500E-03,+2.2383919E+00,1,+6.1E-06
+303.5000E-03,+3.2434170E+00,1,+6.1E-06
+303.7500E-03,+3.2182914E+00,1,+6.1E-06
+304.0000E-03,-12.8644E-03,1,+6.1E-06
+304.2500E-03,-7.8392E-03,1,+6.1E-06
+304.5000E-03,+3.2182914E+00,1,+6.1E-06
+304.7500E-03,+3.2032160E+00,1,+6.1E-06
+305.0000E-03,+3.2383919E+00,1,+6.1E-06
+305.2500E-03,+22.3115E-03,1,+6.1E-06
+305.5000E-03,+3.2283416E+00,1,+6.1E-06
+305.7500E-03,+3.2434170E+00,1,+6.1E-06
+306.0000E-03,+3.2434170E+00,1,+6.1E-06
+306.2500E-03,-12.8644E-03,1,+6.1E-06
+306.5000E-03,-12.8644E-03,1,+6.1E-06
+306.7500E-03,+3.2283416E+00,1,+6.1E-06
+307.0000E-03,+3.2434170E+00,1,+6.1E-06
+307.2500E-03,+3.2032160E+00,1,+6.1E-06
+307.5000E-03,-12.8644E-03,1,+6.1E-06
+307.7500E-03,+3.2132663E+00,1,+6.1E-06
+308.0000E-03,+3.2434170E+00,1,+6.1E-06
+308.2500E-03,+3.2434170E+00,1,+6.1E-06
+308.5000E-03,-37.9900E-03,1,+6.1E-06
+308.7500E-03,+2.2110E-03,1,+6.1E-06
+309.0000E-03,+3.2383919E+00,1,+6.1E-06
+309.2500E-03,+3.2383919E+00,1,+6.1E-06
+309.5000E-03,+3.2434170E+00,1,+6.1E-06
+309.7500E-03,-27.9397E-03,1,+6.1E-06
+310.0000E-03,+3.2434170E+00,1,+6.1E-06
+310.2500E-03,+3.2434170E+00,1,+6.1E-06
+310.5000E-03,+3.2283416E+00,1,+6.1E-06
+310.7500E-03,+27.3367E-03,1,+6.1E-06
+311.0000E-03,+2.2032160E+00,1,+6.1E-06
+311.2500E-03,+3.2434170E+00,1,+6.1E-06
+311.5000E-03,+3.2032160E+00,1,+6.1E-06
+311.7500E-03,+2.3891457E+00,1,+6.1E-06
+312.0000E-03,-12.8644E-03,1,+6.1E-06
+312.2500E-03,+3.2032160E+00,1,+6.1E-06
+312.5000E-03,+3.2434170E+00,1,+6.1E-06
+312.7500E-03,+3.2283416E+00,1,+6.1E-06
+313.0000E-03,-12.8644E-03,1,+6.1E-06
+313.2500E-03,+3.2434170E+00,1,+6.1E-06
+313.5000E-03,+3.2434170E+00,1,+6.1E-06
+313.7500E-03,+3.2283416E+00,1,+6.1E-06
+314.0000E-03,+22.3115E-03,1,+6.1E-06
+314.2500E-03,-7.8392E-03,1,+6.1E-06
+314.5000E-03,+3.2182914E+00,1,+6.1E-06
+314.7500E-03,+3.2283416E+00,1,+6.1E-06
+315.0000E-03,+3.2434170E+00,1,+6.1E-06
+315.2500E-03,-17.8895E-03,1,+6.1E-06
+315.5000E-03,+3.2182914E+00,1,+6.1E-06
+315.7500E-03,+3.2182914E+00,1,+6.1E-06
+316.0000E-03,+3.2434170E+00,1,+6.1E-06
+316.2500E-03,-17.8895E-03,1,+6.1E-06
+316.5000E-03,-12.8644E-03,1,+6.1E-06
+316.7500E-03,+3.2283416E+00,1,+6.1E-06
+317.0000E-03,+3.2383919E+00,1,+6.1E-06
+317.2500E-03,+3.2383919E+00,1,+6.1E-06
+317.5000E-03,-37.9900E-03,1,+6.1E-06
+317.7500E-03,+3.2434170E+00,1,+6.1E-06
+318.0000E-03,+3.2032160E+00,1,+6.1E-06
+318.2500E-03,+3.2032160E+00,1,+6.1E-06
+318.5000E-03,-12.8644E-03,1,+6.1E-06
+318.7500E-03,+1.9218090E+00,1,+6.1E-06
+319.0000E-03,+3.2082411E+00,1,+6.1E-06
+319.2500E-03,+3.2082411E+00,1,+6.1E-06
+319.5000E-03,+3.2434170E+00,1,+6.1E-06
+319.7500E-03,+12.2613E-03,1,+6.1E-06
+320.0000E-03,+3.2434170E+00,1,+6.1E-06
+320.2500E-03,+3.2383919E+00,1,+6.1E-06
+320.5000E-03,+3.2182914E+00,1,+6.1E-06
+320.7500E-03,-22.9146E-03,1,+6.1E-06
+321.0000E-03,+3.2032160E+00,1,+6.1E-06
+321.2500E-03,+3.2032160E+00,1,+6.1E-06
+321.5000E-03,+3.2685426E+00,1,+6.1E-06
+321.7500E-03,+72.5628E-03,1,+6.1E-06
+322.0000E-03,+27.3367E-03,1,+6.1E-06
+322.2500E-03,+3.2082411E+00,1,+6.1E-06
+322.5000E-03,+3.2434170E+00,1,+6.1E-06
+322.7500E-03,+3.2283416E+00,1,+6.1E-06
+323.0000E-03,-12.8644E-03,1,+6.1E-06
+323.2500E-03,+3.2434170E+00,1,+6.1E-06
+323.5000E-03,+3.2434170E+00,1,+6.1E-06
+323.7500E-03,+3.2182914E+00,1,+6.1E-06
+324.0000E-03,-12.8644E-03,1,+6.1E-06
+324.2500E-03,-12.8644E-03,1,+6.1E-06
+324.5000E-03,+3.2032160E+00,1,+6.1E-06
+324.7500E-03,+3.2182914E+00,1,+6.1E-06
+325.0000E-03,+3.2383919E+00,1,+6.1E-06
+325.2500E-03,-12.8644E-03,1,+6.1E-06
+325.5000E-03,+3.2584924E+00,1,+6.1E-06
+325.7500E-03,+3.2434170E+00,1,+6.1E-06
+326.0000E-03,+3.2484421E+00,1,+6.1E-06
+326.2500E-03,+22.3115E-03,1,+6.1E-06
+326.5000E-03,+962.0100E-03,1,+6.1E-06
+326.7500E-03,+3.2182914E+00,1,+6.1E-06
+327.0000E-03,+3.2383919E+00,1,+6.1E-06
+327.2500E-03,+3.2434170E+00,1,+6.1E-06
+327.5000E-03,+2.2110E-03,1,+6.1E-06
+327.7500E-03,+3.2032160E+00,1,+6.1E-06
+328.0000E-03,+3.2383919E+00,1,+6.1E-06
+328.2500E-03,+3.2383919E+00,1,+6.1E-06
+328.5000E-03,-12.8644E-03,1,+6.1E-06
+328.7500E-03,+3.2434170E+00,1,+6.1E-06
+329.0000E-03,+3.2434170E+00,1,+6.1E-06
+329.2500E-03,+3.2383919E+00,1,+6.1E-06
+329.5000E-03,+3.2182914E+00,1,+6.1E-06
+329.7500E-03,-37.9900E-03,1,+6.1E-06
+330.0000E-03,+3.2032160E+00,1,+6.1E-06
+330.2500E-03,+3.2434170E+00,1,+6.1E-06
+330.5000E-03,+3.2032160E+00,1,+6.1E-06
+330.7500E-03,-12.8644E-03,1,+6.1E-06
+331.0000E-03,+3.2383919E+00,1,+6.1E-06
+331.2500E-03,+3.2082411E+00,1,+6.1E-06
+331.5000E-03,+3.2182914E+00,1,+6.1E-06
+331.7500E-03,+12.2613E-03,1,+6.1E-06
+332.0000E-03,+22.3115E-03,1,+6.1E-06
+332.2500E-03,+3.2434170E+00,1,+6.1E-06
+332.5000E-03,+4.4996984E+00,1,+6.1E-06
+332.7500E-03,+3.2434170E+00,1,+6.1E-06
+333.0000E-03,+22.3115E-03,1,+6.1E-06
+333.2500E-03,+3.2032160E+00,1,+6.1E-06
+333.5000E-03,+3.2283416E+00,1,+6.1E-06
+333.7500E-03,+3.2434170E+00,1,+6.1E-06
+334.0000E-03,-12.8644E-03,1,+6.1E-06
+334.2500E-03,+1.7258291E+00,1,+6.1E-06
+334.5000E-03,+3.2283416E+00,1,+6.1E-06
+334.7500E-03,+3.2182914E+00,1,+6.1E-06
+335.0000E-03,+3.2434170E+00,1,+6.1E-06
+335.2500E-03,-12.8644E-03,1,+6.1E-06
+335.5000E-03,+3.2182914E+00,1,+6.1E-06
+335.7500E-03,+3.2032160E+00,1,+6.1E-06
+336.0000E-03,+3.2032160E+00,1,+6.1E-06
+336.2500E-03,-12.8644E-03,1,+6.1E-06
+336.5000E-03,+3.2283416E+00,1,+6.1E-06
+336.7500E-03,+3.2283416E+00,1,+6.1E-06
+337.0000E-03,+3.2383919E+00,1,+6.1E-06
+337.2500E-03,+3.2434170E+00,1,+6.1E-06
+337.5000E-03,-12.8644E-03,1,+6.1E-06
+337.7500E-03,+3.2434170E+00,1,+6.1E-06
+338.0000E-03,+3.2434170E+00,1,+6.1E-06
+338.2500E-03,+3.2434170E+00,1,+6.1E-06
+338.5000E-03,-12.8644E-03,1,+6.1E-06
+338.7500E-03,+3.2434170E+00,1,+6.1E-06
+339.0000E-03,+3.2735678E+00,1,+6.1E-06
+339.2500E-03,+3.2735678E+00,1,+6.1E-06
+339.5000E-03,+2.0524623E+00,1,+6.1E-06
+339.7500E-03,-12.8644E-03,1,+6.1E-06
+340.0000E-03,+3.2082411E+00,1,+6.1E-06
+340.2500E-03,+3.2434170E+00,1,+6.1E-06
+340.5000E-03,+3.2032160E+00,1,+6.1E-06
+340.7500E-03,+12.2613E-03,1,+6.1E-06
+341.0000E-03,+3.2032160E+00,1,+6.1E-06
+341.2500E-03,+3.2032160E+00,1,+6.1E-06
+341.5000E-03,+3.2283416E+00,1,+6.1E-06
+341.7500E-03,-12.8644E-03,1,+6.1E-06
+342.0000E-03,+2.1680401E+00,1,+6.1E-06
+342.2500E-03,+3.2082411E+00,1,+6.1E-06
+342.5000E-03,+3.2283416E+00,1,+6.1E-06
+342.7500E-03,+3.2434170E+00,1,+6.1E-06
+343.0000E-03,-12.8644E-03,1,+6.1E-06
+343.2500E-03,+3.2434170E+00,1,+6.1E-06
+343.5000E-03,+3.2182914E+00,1,+6.1E-06
+343.7500E-03,+3.2182914E+00,1,+6.1E-06
+344.0000E-03,-7.8392E-03,1,+6.1E-06
+344.2500E-03,+3.2383919E+00,1,+6.1E-06
+344.5000E-03,+3.2434170E+00,1,+6.1E-06
+344.7500E-03,+3.2434170E+00,1,+6.1E-06
+345.0000E-03,+3.2082411E+00,1,+6.1E-06
+345.2500E-03,-12.8644E-03,1,+6.1E-06
+345.5000E-03,+3.2283416E+00,1,+6.1E-06
+345.7500E-03,+3.2032160E+00,1,+6.1E-06
+346.0000E-03,+3.2082411E+00,1,+6.1E-06
+346.2500E-03,-12.8644E-03,1,+6.1E-06
+346.5000E-03,+3.2182914E+00,1,+6.1E-06
+346.7500E-03,+3.2182914E+00,1,+6.1E-06
+347.0000E-03,+3.2484421E+00,1,+6.1E-06
+347.2500E-03,+3.2434170E+00,1,+6.1E-06
+347.5000E-03,-12.8644E-03,1,+6.1E-06
+347.7500E-03,+3.2434170E+00,1,+6.1E-06
+348.0000E-03,+3.2383919E+00,1,+6.1E-06
+348.2500E-03,+3.2434170E+00,1,+6.1E-06
+348.5000E-03,-12.8644E-03,1,+6.1E-06
+348.7500E-03,+3.2182914E+00,1,+6.1E-06
+349.0000E-03,+3.2434170E+00,1,+6.1E-06
+349.2500E-03,+3.2434170E+00,1,+6.1E-06
+349.5000E-03,+288.6432E-03,1,+6.1E-06
+349.7500E-03,+1.3841206E+00,1,+6.1E-06
+350.0000E-03,+3.2484421E+00,1,+6.1E-06
+350.2500E-03,+3.2082411E+00,1,+6.1E-06
+350.5000E-03,+3.2283416E+00,1,+6.1E-06
+350.7500E-03,+12.2613E-03,1,+6.1E-06
+351.0000E-03,+3.2383919E+00,1,+6.1E-06
+351.2500E-03,+3.2082411E+00,1,+6.1E-06
+351.5000E-03,+3.2434170E+00,1,+6.1E-06
+351.7500E-03,-12.8644E-03,1,+6.1E-06
+352.0000E-03,+3.2082411E+00,1,+6.1E-06
+352.2500E-03,+3.2032160E+00,1,+6.1E-06
+352.5000E-03,+3.2032160E+00,1,+6.1E-06
+352.7500E-03,+3.2333668E+00,1,+6.1E-06
+353.0000E-03,+22.3115E-03,1,+6.1E-06
+353.2500E-03,+3.2032160E+00,1,+6.1E-06
+353.5000E-03,+3.2434170E+00,1,+6.1E-06
+353.7500E-03,+3.2182914E+00,1,+6.1E-06
+354.0000E-03,-12.8644E-03,1,+6.1E-06
+354.2500E-03,+3.2383919E+00,1,+6.1E-06
+354.5000E-03,+3.2434170E+00,1,+6.1E-06
+354.7500E-03,+3.2283416E+00,1,+6.1E-06
+355.0000E-03,+3.2132663E+00,1,+6.1E-06
+355.2500E-03,-7.8392E-03,1,+6.1E-06
+355.5000E-03,+3.1931658E+00,1,+6.1E-06
+355.7500E-03,+3.2032160E+00,1,+6.1E-06
+356.0000E-03,+3.2032160E+00,1,+6.1E-06
+356.2500E-03,-48.0402E-03,1,+6.1E-06
+356.5000E-03,+3.2182914E+00,1,+6.1E-06
+356.7500E-03,+3.2182914E+00,1,+6.1E-06
+357.0000E-03,+3.2032160E+00,1,+6.1E-06
+357.2500E-03,+3.2032160E+00,1,+6.1E-06
+357.5000E-03,+1.1780904E+00,1,+6.1E-06
+357.7500E-03,+3.2283416E+00,1,+6.1E-06
+358.0000E-03,+3.2484421E+00,1,+6.1E-06
+358.2500E-03,+3.2383919E+00,1,+6.1E-06
+358.5000E-03,-12.8644E-03,1,+6.1E-06
+358.7500E-03,+3.2283416E+00,1,+6.1E-06
+359.0000E-03,+3.2785929E+00,1,+6.1E-06
+359.2500E-03,+3.2434170E+00,1,+6.1E-06
+359.5000E-03,+12.2613E-03,1,+6.1E-06
+359.7500E-03,+3.2182914E+00,1,+6.1E-06
+360.0000E-03,+3.2434170E+00,1,+6.1E-06
+360.2500E-03,+3.2383919E+00,1,+6.1E-06
+360.5000E-03,+3.2283416E+00,1,+6.1E-06
+360.7500E-03,-27.9397E-03,1,+6.1E-06
+361.0000E-03,+3.2383919E+00,1,+6.1E-06
+361.2500E-03,+3.2434170E+00,1,+6.1E-06
+361.5000E-03,+3.2283416E+00,1,+6.1E-06
+361.7500E-03,+2.2110E-03,1,+6.1E-06
+362.0000E-03,+3.2434170E+00,1,+6.1E-06
+362.2500E-03,+3.2383919E+00,1,+6.1E-06
+362.5000E-03,+3.2032160E+00,1,+6.1E-06
+362.7500E-03,+3.2283416E+00,1,+6.1E-06
+363.0000E-03,+27.3367E-03,1,+6.1E-06
+363.2500E-03,+3.2484421E+00,1,+6.1E-06
+363.5000E-03,+3.2434170E+00,1,+6.1E-06
+363.7500E-03,+3.2434170E+00,1,+6.1E-06
+364.0000E-03,-53.0654E-03,1,+6.1E-06
+364.2500E-03,+3.2082411E+00,1,+6.1E-06
+364.5000E-03,+3.2283416E+00,1,+6.1E-06
+364.7500E-03,+3.2283416E+00,1,+6.1E-06
+365.0000E-03,+3.2383919E+00,1,+6.1E-06
+365.2500E-03,+389.1457E-03,1,+6.1E-06
+365.5000E-03,+3.2534673E+00,1,+6.1E-06
+365.7500E-03,+3.2182914E+00,1,+6.1E-06
+366.0000E-03,+3.2333668E+00,1,+6.1E-06
+366.2500E-03,-12.8644E-03,1,+6.1E-06
+366.5000E-03,+3.2434170E+00,1,+6.1E-06
+366.7500E-03,+3.2434170E+00,1,+6.1E-06
+367.0000E-03,+3.2082411E+00,1,+6.1E-06
+367.2500E-03,+2.7811055E+00,1,+6.1E-06
+367.5000E-03,+3.2182914E+00,1,+6.1E-06
+367.7500E-03,+3.2283416E+00,1,+6.1E-06
+368.0000E-03,+3.2032160E+00,1,+6.1E-06
+368.2500E-03,+3.2735678E+00,1,+6.1E-06
+368.5000E-03,-12.8644E-03,1,+6.1E-06
+368.7500E-03,+3.2434170E+00,1,+6.1E-06
+369.0000E-03,+3.2082411E+00,1,+6.1E-06
+369.2500E-03,+3.2082411E+00,1,+6.1E-06
+369.5000E-03,+12.2613E-03,1,+6.1E-06
+369.7500E-03,+3.2434170E+00,1,+6.1E-06
+370.0000E-03,+3.2032160E+00,1,+6.1E-06
+370.2500E-03,+3.2032160E+00,1,+6.1E-06
+370.5000E-03,+3.2434170E+00,1,+6.1E-06
+370.7500E-03,-12.8644E-03,1,+6.1E-06
+371.0000E-03,+3.2383919E+00,1,+6.1E-06
+371.2500E-03,+3.2032160E+00,1,+6.1E-06
+371.5000E-03,+3.2283416E+00,1,+6.1E-06
+371.7500E-03,-27.9397E-03,1,+6.1E-06
+372.0000E-03,+3.2434170E+00,1,+6.1E-06
+372.2500E-03,+3.2032160E+00,1,+6.1E-06
+372.5000E-03,+3.2182914E+00,1,+6.1E-06
+372.7500E-03,+3.2434170E+00,1,+6.1E-06
+373.0000E-03,+941.9095E-03,1,+6.1E-06
+373.2500E-03,+3.2434170E+00,1,+6.1E-06
+373.5000E-03,+3.2283416E+00,1,+6.1E-06
+373.7500E-03,+3.2182914E+00,1,+6.1E-06
+374.0000E-03,-12.8644E-03,1,+6.1E-06
+374.2500E-03,+3.2785929E+00,1,+6.1E-06
+374.5000E-03,+3.2032160E+00,1,+6.1E-06
+374.7500E-03,+3.2032160E+00,1,+6.1E-06
+375.0000E-03,+3.2032160E+00,1,+6.1E-06
+375.2500E-03,+3.2383919E+00,1,+6.1E-06
+375.5000E-03,+3.2434170E+00,1,+6.1E-06
+375.7500E-03,+3.2434170E+00,1,+6.1E-06
+376.0000E-03,+3.2383919E+00,1,+6.1E-06
+376.2500E-03,+22.3115E-03,1,+6.1E-06
+376.5000E-03,+3.2283416E+00,1,+6.1E-06
+376.7500E-03,+3.2182914E+00,1,+6.1E-06
+377.0000E-03,+3.2383919E+00,1,+6.1E-06
+377.2500E-03,+92.6633E-03,1,+6.1E-06
+377.5000E-03,+3.2434170E+00,1,+6.1E-06
+377.7500E-03,+3.2182914E+00,1,+6.1E-06
+378.0000E-03,+3.2082411E+00,1,+6.1E-06
+378.2500E-03,+3.1981909E+00,1,+6.1E-06
+378.5000E-03,-12.8644E-03,1,+6.1E-06
+378.7500E-03,+3.2283416E+00,1,+6.1E-06
+379.0000E-03,+3.2434170E+00,1,+6.1E-06
+379.2500E-03,+3.2082411E+00,1,+6.1E-06
+379.5000E-03,+27.3367E-03,1,+6.1E-06
+379.7500E-03,+3.2434170E+00,1,+6.1E-06
+380.0000E-03,+3.2383919E+00,1,+6.1E-06
+380.2500E-03,+3.2434170E+00,1,+6.1E-06
+380.5000E-03,+3.2283416E+00,1,+6.1E-06
+380.7500E-03,+1.7961809E+00,1,+6.1E-06
+381.0000E-03,+3.2434170E+00,1,+6.1E-06
+381.2500E-03,+3.2434170E+00,1,+6.1E-06
+381.5000E-03,+3.2434170E+00,1,+6.1E-06
+381.7500E-03,-12.8644E-03,1,+6.1E-06
+382.0000E-03,+3.2082411E+00,1,+6.1E-06
+382.2500E-03,+3.2383919E+00,1,+6.1E-06
+382.5000E-03,+3.2182914E+00,1,+6.1E-06
+382.7500E-03,+3.2182914E+00,1,+6.1E-06
+383.0000E-03,+3.2032160E+00,1,+6.1E-06
+383.2500E-03,+3.2434170E+00,1,+6.1E-06
+383.5000E-03,+3.5901507E+00,1,+6.1E-06
+383.7500E-03,+3.2182914E+00,1,+6.1E-06
+384.0000E-03,-12.8644E-03,1,+6.1E-06
+384.2500E-03,+3.2434170E+00,1,+6.1E-06
+384.5000E-03,+3.2283416E+00,1,+6.1E-06
+384.7500E-03,+3.1780904E+00,1,+6.1E-06
+385.0000E-03,+3.2082411E+00,1,+6.1E-06
+385.2500E-03,+3.2082411E+00,1,+6.1E-06
+385.5000E-03,+3.2182914E+00,1,+6.1E-06
+385.7500E-03,+3.2182914E+00,1,+6.1E-06
+386.0000E-03,+3.2032160E+00,1,+6.1E-06
+386.2500E-03,-12.8644E-03,1,+6.1E-06
+386.5000E-03,+3.2283416E+00,1,+6.1E-06
+386.7500E-03,+3.2182914E+00,1,+6.1E-06
+387.0000E-03,+3.2032160E+00,1,+6.1E-06
+387.2500E-03,+17.2864E-03,1,+6.1E-06
+387.5000E-03,+3.1780904E+00,1,+6.1E-06
+387.7500E-03,+3.2434170E+00,1,+6.1E-06
+388.0000E-03,+3.2082411E+00,1,+6.1E-06
+388.2500E-03,+3.2383919E+00,1,+6.1E-06
+388.5000E-03,+1.1328643E+00,1,+6.1E-06
+388.7500E-03,+3.2182914E+00,1,+6.1E-06
+389.0000E-03,+3.2383919E+00,1,+6.1E-06
+389.2500E-03,+3.2082411E+00,1,+6.1E-06
+389.5000E-03,-12.8644E-03,1,+6.1E-06
+389.7500E-03,+3.2032160E+00,1,+6.1E-06
+390.0000E-03,+3.2082411E+00,1,+6.1E-06
+390.2500E-03,+3.2082411E+00,1,+6.1E-06
+390.5000E-03,+3.2434170E+00,1,+6.1E-06
+390.7500E-03,+3.2283416E+00,1,+6.1E-06
+391.0000E-03,+3.2082411E+00,1,+6.1E-06
+391.2500E-03,+3.2434170E+00,1,+6.1E-06
+391.5000E-03,+3.2434170E+00,1,+6.1E-06
+391.7500E-03,-12.8644E-03,1,+6.1E-06
+392.0000E-03,+3.2434170E+00,1,+6.1E-06
+392.2500E-03,+3.2434170E+00,1,+6.1E-06
+392.5000E-03,+3.2434170E+00,1,+6.1E-06
+392.7500E-03,+3.2182914E+00,1,+6.1E-06
+393.0000E-03,+3.2082411E+00,1,+6.1E-06
+393.2500E-03,+3.2383919E+00,1,+6.1E-06
+393.5000E-03,+3.2434170E+00,1,+6.1E-06
+393.7500E-03,+3.2182914E+00,1,+6.1E-06
+394.0000E-03,-12.8644E-03,1,+6.1E-06
+394.2500E-03,+3.2434170E+00,1,+6.1E-06
+394.5000E-03,+3.2283416E+00,1,+6.1E-06
+394.7500E-03,+3.2283416E+00,1,+6.1E-06
+395.0000E-03,+2.5700502E+00,1,+6.1E-06
+395.2500E-03,+3.1680401E+00,1,+6.1E-06
+395.5000E-03,+3.2182914E+00,1,+6.1E-06
+395.7500E-03,+3.2032160E+00,1,+6.1E-06
+396.0000E-03,+3.2082411E+00,1,+6.1E-06
+396.2500E-03,+369.0452E-03,1,+6.1E-06
+396.5000E-03,+3.2283416E+00,1,+6.1E-06
+396.7500E-03,+3.2434170E+00,1,+6.1E-06
+397.0000E-03,+3.2082411E+00,1,+6.1E-06
+397.2500E-03,+22.3115E-03,1,+6.1E-06
+397.5000E-03,+3.2182914E+00,1,+6.1E-06
+397.7500E-03,+3.2283416E+00,1,+6.1E-06
+398.0000E-03,+3.2082411E+00,1,+6.1E-06
+398.2500E-03,+3.2082411E+00,1,+6.1E-06
+398.5000E-03,+3.2283416E+00,1,+6.1E-06
+398.7500E-03,+3.2182914E+00,1,+6.1E-06
+399.0000E-03,+3.2383919E+00,1,+6.1E-06
+399.2500E-03,+3.2434170E+00,1,+6.1E-06
+399.5000E-03,-12.8644E-03,1,+6.1E-06
+399.7500E-03,+3.2434170E+00,1,+6.1E-06
+400.0000E-03,+3.2434170E+00,1,+6.1E-06
+400.2500E-03,+3.2082411E+00,1,+6.1E-06
+400.5000E-03,+3.2182914E+00,1,+6.1E-06
+400.7500E-03,+3.2434170E+00,1,+6.1E-06
+401.0000E-03,+3.2434170E+00,1,+6.1E-06
+401.2500E-03,+3.2434170E+00,1,+6.1E-06
+401.5000E-03,+3.2283416E+00,1,+6.1E-06
+401.7500E-03,-12.8644E-03,1,+6.1E-06
+402.0000E-03,+3.2082411E+00,1,+6.1E-06
+402.2500E-03,+3.2082411E+00,1,+6.1E-06
+402.5000E-03,+3.2182914E+00,1,+6.1E-06
+402.7500E-03,+3.2032160E+00,1,+6.1E-06
+403.0000E-03,+3.2032160E+00,1,+6.1E-06
+403.2500E-03,+3.2032160E+00,1,+6.1E-06
+403.5000E-03,+3.2283416E+00,1,+6.1E-06
+403.7500E-03,+3.2182914E+00,1,+6.1E-06
+404.0000E-03,+1.4645226E+00,1,+6.1E-06
+404.2500E-03,+3.2383919E+00,1,+6.1E-06
+404.5000E-03,+3.2283416E+00,1,+6.1E-06
+404.7500E-03,+3.2685426E+00,1,+6.1E-06
+405.0000E-03,+464.5226E-03,1,+6.1E-06
+405.2500E-03,+3.2383919E+00,1,+6.1E-06
+405.5000E-03,+3.2283416E+00,1,+6.1E-06
+405.7500E-03,+3.2434170E+00,1,+6.1E-06
+406.0000E-03,+3.2383919E+00,1,+6.1E-06
+406.2500E-03,+3.2082411E+00,1,+6.1E-06
+406.5000E-03,+3.2283416E+00,1,+6.1E-06
+406.7500E-03,+3.2283416E+00,1,+6.1E-06
+407.0000E-03,+3.2082411E+00,1,+6.1E-06
+407.2500E-03,-12.8644E-03,1,+6.1E-06
+407.5000E-03,+3.2434170E+00,1,+6.1E-06
+407.7500E-03,+3.2434170E+00,1,+6.1E-06
+408.0000E-03,+3.2434170E+00,1,+6.1E-06
+408.2500E-03,+3.2383919E+00,1,+6.1E-06
+408.5000E-03,+3.2182914E+00,1,+6.1E-06
+408.7500E-03,+3.2434170E+00,1,+6.1E-06
+409.0000E-03,+3.2032160E+00,1,+6.1E-06
+409.2500E-03,+3.2032160E+00,1,+6.1E-06
+409.5000E-03,-12.8644E-03,1,+6.1E-06
+409.7500E-03,+3.2434170E+00,1,+6.1E-06
+410.0000E-03,+3.2082411E+00,1,+6.1E-06
+410.2500E-03,+3.1680401E+00,1,+6.1E-06
+410.5000E-03,+3.2182914E+00,1,+6.1E-06
+410.7500E-03,+3.2032160E+00,1,+6.1E-06
+411.0000E-03,+3.2032160E+00,1,+6.1E-06
+411.2500E-03,+3.2434170E+00,1,+6.1E-06
+411.5000E-03,+3.2434170E+00,1,+6.1E-06
+411.7500E-03,+1.0675376E+00,1,+6.1E-06
+412.0000E-03,+3.2082411E+00,1,+6.1E-06
+412.2500E-03,+3.2082411E+00,1,+6.1E-06
+412.5000E-03,+3.2182914E+00,1,+6.1E-06
+412.7500E-03,+3.2032160E+00,1,+6.1E-06
+413.0000E-03,+3.2434170E+00,1,+6.1E-06
+413.2500E-03,+3.2082411E+00,1,+6.1E-06
+413.5000E-03,+3.2434170E+00,1,+6.1E-06
+413.7500E-03,+3.2434170E+00,1,+6.1E-06
+414.0000E-03,+3.2082411E+00,1,+6.1E-06
+414.2500E-03,+3.2032160E+00,1,+6.1E-06
+414.5000E-03,+3.1881406E+00,1,+6.1E-06
+414.7500E-03,+3.2032160E+00,1,+6.1E-06
+415.0000E-03,+27.3367E-03,1,+6.1E-06
+415.2500E-03,+3.2032160E+00,1,+6.1E-06
+415.5000E-03,+3.2283416E+00,1,+6.1E-06
+415.7500E-03,+3.2032160E+00,1,+6.1E-06
+416.0000E-03,+3.2383919E+00,1,+6.1E-06
+416.2500E-03,+3.2383919E+00,1,+6.1E-06
+416.5000E-03,+3.2032160E+00,1,+6.1E-06
+416.7500E-03,+3.2182914E+00,1,+6.1E-06
+417.0000E-03,+3.2082411E+00,1,+6.1E-06
+417.2500E-03,-12.8644E-03,1,+6.1E-06
+417.5000E-03,+3.2434170E+00,1,+6.1E-06
+417.7500E-03,+3.2434170E+00,1,+6.1E-06
+418.0000E-03,+3.1981909E+00,1,+6.1E-06
+418.2500E-03,+3.2082411E+00,1,+6.1E-06
+418.5000E-03,+3.2182914E+00,1,+6.1E-06
+418.7500E-03,+3.2283416E+00,1,+6.1E-06
+419.0000E-03,+3.2434170E+00,1,+6.1E-06
+419.2500E-03,+3.2434170E+00,1,+6.1E-06
+419.5000E-03,+72.5628E-03,1,+6.1E-06
+419.7500E-03,+3.2434170E+00,1,+6.1E-06
+420.0000E-03,+3.2383919E+00,1,+6.1E-06
+420.2500E-03,+3.2032160E+00,1,+6.1E-06
+420.5000E-03,+3.2283416E+00,1,+6.1E-06
+420.7500E-03,+3.2434170E+00,1,+6.1E-06
+421.0000E-03,+3.2082411E+00,1,+6.1E-06
+421.2500E-03,+3.2383919E+00,1,+6.1E-06
+421.5000E-03,+3.2032160E+00,1,+6.1E-06
+421.7500E-03,+3.2534673E+00,1,+6.1E-06
+422.0000E-03,+3.2082411E+00,1,+6.1E-06
+422.2500E-03,+3.2032160E+00,1,+6.1E-06
+422.5000E-03,+3.2032160E+00,1,+6.1E-06
+422.7500E-03,+3.2032160E+00,1,+6.1E-06
+423.0000E-03,+3.2383919E+00,1,+6.1E-06
+423.2500E-03,+3.2082411E+00,1,+6.1E-06
+423.5000E-03,+3.2584924E+00,1,+6.1E-06
+423.7500E-03,+3.2283416E+00,1,+6.1E-06
+424.0000E-03,+3.2383919E+00,1,+6.1E-06
+424.2500E-03,+3.2082411E+00,1,+6.1E-06
+424.5000E-03,+3.2534673E+00,1,+6.1E-06
+424.7500E-03,+3.2434170E+00,1,+6.1E-06
+425.0000E-03,-12.8644E-03,1,+6.1E-06
+425.2500E-03,+3.2032160E+00,1,+6.1E-06
+425.5000E-03,+3.2182914E+00,1,+6.1E-06
+425.7500E-03,+3.2434170E+00,1,+6.1E-06
+426.0000E-03,+3.2434170E+00,1,+6.1E-06
+426.2500E-03,+3.2032160E+00,1,+6.1E-06
+426.5000E-03,+3.2434170E+00,1,+6.1E-06
+426.7500E-03,+3.2283416E+00,1,+6.1E-06
+427.0000E-03,+3.2434170E+00,1,+6.1E-06
+427.2500E-03,+218.2914E-03,1,+6.1E-06
+427.5000E-03,+3.2182914E+00,1,+6.1E-06
+427.7500E-03,+3.2283416E+00,1,+6.1E-06
+428.0000E-03,+3.2383919E+00,1,+6.1E-06
+428.2500E-03,+3.2032160E+00,1,+6.1E-06
+428.5000E-03,+3.2182914E+00,1,+6.1E-06
+428.7500E-03,+3.2434170E+00,1,+6.1E-06
+429.0000E-03,+3.2383919E+00,1,+6.1E-06
+429.2500E-03,+3.2434170E+00,1,+6.1E-06
+429.5000E-03,+3.2032160E+00,1,+6.1E-06
+429.7500E-03,+3.2283416E+00,1,+6.1E-06
+430.0000E-03,+3.2383919E+00,1,+6.1E-06
+430.2500E-03,+3.2082411E+00,1,+6.1E-06
+430.5000E-03,+3.2032160E+00,1,+6.1E-06
+430.7500E-03,+3.2283416E+00,1,+6.1E-06
+431.0000E-03,+3.2434170E+00,1,+6.1E-06
+431.2500E-03,+3.2383919E+00,1,+6.1E-06
+431.5000E-03,+3.2434170E+00,1,+6.1E-06
+431.7500E-03,+3.2032160E+00,1,+6.1E-06
+432.0000E-03,+3.2383919E+00,1,+6.1E-06
+432.2500E-03,+3.2082411E+00,1,+6.1E-06
+432.5000E-03,+3.2032160E+00,1,+6.1E-06
+432.7500E-03,+238.3919E-03,1,+6.1E-06
+433.0000E-03,+3.2434170E+00,1,+6.1E-06
+433.2500E-03,+3.2383919E+00,1,+6.1E-06
+433.5000E-03,+3.2283416E+00,1,+6.1E-06
+433.7500E-03,+3.2032160E+00,1,+6.1E-06
+434.0000E-03,+3.2785929E+00,1,+6.1E-06
+434.2500E-03,+3.2383919E+00,1,+6.1E-06
+434.5000E-03,+3.2283416E+00,1,+6.1E-06
+434.7500E-03,+3.2434170E+00,1,+6.1E-06
+435.0000E-03,-7.8392E-03,1,+6.1E-06
+435.2500E-03,+3.2434170E+00,1,+6.1E-06
+435.5000E-03,+3.2283416E+00,1,+6.1E-06
+435.7500E-03,+3.2283416E+00,1,+6.1E-06
+436.0000E-03,+3.2383919E+00,1,+6.1E-06
+436.2500E-03,+3.2082411E+00,1,+6.1E-06
+436.5000E-03,+3.2434170E+00,1,+6.1E-06
+436.7500E-03,+3.2434170E+00,1,+6.1E-06
+437.0000E-03,+3.2032160E+00,1,+6.1E-06
+437.2500E-03,+3.2434170E+00,1,+6.1E-06
+437.5000E-03,+3.2182914E+00,1,+6.1E-06
+437.7500E-03,+3.2283416E+00,1,+6.1E-06
+438.0000E-03,+3.2082411E+00,1,+6.1E-06
+438.2500E-03,+3.1680401E+00,1,+6.1E-06
+438.5000E-03,+3.2434170E+00,1,+6.1E-06
+438.7500E-03,+3.2283416E+00,1,+6.1E-06
+439.0000E-03,+3.2032160E+00,1,+6.1E-06
+439.2500E-03,+3.2383919E+00,1,+6.1E-06
+439.5000E-03,+2.2110E-03,1,+6.1E-06
+439.7500E-03,-12.8644E-03,1,+6.1E-06
+440.0000E-03,-12.8644E-03,1,+6.1E-06
+440.2500E-03,-17.8895E-03,1,+6.1E-06
+440.5000E-03,-12.8644E-03,1,+6.1E-06
+440.7500E-03,-12.8644E-03,1,+6.1E-06
+441.0000E-03,-7.8392E-03,1,+6.1E-06
+441.2500E-03,-12.8644E-03,1,+6.1E-06
+441.5000E-03,-12.8644E-03,1,+6.1E-06
+441.7500E-03,+27.3367E-03,1,+6.1E-06
+442.0000E-03,+27.3367E-03,1,+6.1E-06
+442.2500E-03,-12.8644E-03,1,+6.1E-06
+442.5000E-03,-27.9397E-03,1,+6.1E-06
+442.7500E-03,+1.0574874E+00,1,+6.1E-06
+443.0000E-03,-12.8644E-03,1,+6.1E-06
+443.2500E-03,+27.3367E-03,1,+6.1E-06
+443.5000E-03,-12.8644E-03,1,+6.1E-06
+443.7500E-03,+2.2110E-03,1,+6.1E-06
+444.0000E-03,-12.8644E-03,1,+6.1E-06
+444.2500E-03,-12.8644E-03,1,+6.1E-06
+444.5000E-03,+12.2613E-03,1,+6.1E-06
+444.7500E-03,-12.8644E-03,1,+6.1E-06
+445.0000E-03,+3.2434170E+00,1,+6.1E-06
+445.2500E-03,+22.3115E-03,1,+6.1E-06
+445.5000E-03,-27.9397E-03,1,+6.1E-06
+445.7500E-03,+2.2110E-03,1,+6.1E-06
+446.0000E-03,-12.8644E-03,1,+6.1E-06
+446.2500E-03,+22.3115E-03,1,+6.1E-06
+446.5000E-03,+27.3367E-03,1,+6.1E-06
+446.7500E-03,-27.9397E-03,1,+6.1E-06
+447.0000E-03,+27.3367E-03,1,+6.1E-06
+447.2500E-03,+127.8392E-03,1,+6.1E-06
+447.5000E-03,+127.8392E-03,1,+6.1E-06
+447.7500E-03,-2.8141E-03,1,+6.1E-06
+448.0000E-03,+22.3115E-03,1,+6.1E-06
+448.2500E-03,+27.3367E-03,1,+6.1E-06
+448.5000E-03,-12.8644E-03,1,+6.1E-06
+448.7500E-03,+12.2613E-03,1,+6.1E-06
+449.0000E-03,-12.8644E-03,1,+6.1E-06
+449.2500E-03,-7.8392E-03,1,+6.1E-06
+449.5000E-03,-22.9146E-03,1,+6.1E-06
+449.7500E-03,+2.2110E-03,1,+6.1E-06
+450.0000E-03,-7.8392E-03,1,+6.1E-06
+450.2500E-03,+27.3367E-03,1,+6.1E-06
+450.5000E-03,+1.0273366E+00,1,+6.1E-06
+450.7500E-03,-37.9900E-03,1,+6.1E-06
+451.0000E-03,-48.0402E-03,1,+6.1E-06
+451.2500E-03,-12.8644E-03,1,+6.1E-06
+451.5000E-03,+2.2110E-03,1,+6.1E-06
+451.7500E-03,-12.8644E-03,1,+6.1E-06
+452.0000E-03,-53.0654E-03,1,+6.1E-06
+452.2500E-03,-48.0402E-03,1,+6.1E-06
+452.5000E-03,+27.3367E-03,1,+6.1E-06
+452.7500E-03,+3.2434170E+00,1,+6.1E-06
+453.0000E-03,-12.8644E-03,1,+6.1E-06
+453.2500E-03,-7.8392E-03,1,+6.1E-06
+453.5000E-03,-12.8644E-03,1,+6.1E-06
+453.7500E-03,+12.2613E-03,1,+6.1E-06
+454.0000E-03,-12.8644E-03,1,+6.1E-06
+454.2500E-03,-12.8644E-03,1,+6.1E-06
+454.5000E-03,+2.2110E-03,1,+6.1E-06
+454.7500E-03,-2.8141E-03,1,+6.1E-06
+455.0000E-03,+3.2383919E+00,1,+6.1E-06
+455.2500E-03,+27.3367E-03,1,+6.1E-06
+455.5000E-03,+12.2613E-03,1,+6.1E-06
+455.7500E-03,+2.2110E-03,1,+6.1E-06
+456.0000E-03,+2.2110E-03,1,+6.1E-06
+456.2500E-03,+22.3115E-03,1,+6.1E-06
+456.5000E-03,-53.0654E-03,1,+6.1E-06
+456.7500E-03,-12.8644E-03,1,+6.1E-06
+457.0000E-03,-48.0402E-03,1,+6.1E-06
+457.2500E-03,-17.8895E-03,1,+6.1E-06
+457.5000E-03,+27.3367E-03,1,+6.1E-06
+457.7500E-03,+27.3367E-03,1,+6.1E-06
+458.0000E-03,-7.8392E-03,1,+6.1E-06
+458.2500E-03,+348.9447E-03,1,+6.1E-06
+458.5000E-03,-27.9397E-03,1,+6.1E-06
+458.7500E-03,-12.8644E-03,1,+6.1E-06
+459.0000E-03,+57.4874E-03,1,+6.1E-06
+459.2500E-03,+22.3115E-03,1,+6.1E-06
+459.5000E-03,+2.2110E-03,1,+6.1E-06
+459.7500E-03,+12.2613E-03,1,+6.1E-06
+460.0000E-03,-7.8392E-03,1,+6.1E-06
+460.2500E-03,+27.3367E-03,1,+6.1E-06
+460.5000E-03,+3.2182914E+00,1,+6.1E-06
+460.7500E-03,+27.3367E-03,1,+6.1E-06
+461.0000E-03,-7.8392E-03,1,+6.1E-06
+461.2500E-03,+22.3115E-03,1,+6.1E-06
+461.5000E-03,-22.9146E-03,1,+6.1E-06
+461.7500E-03,+2.2110E-03,1,+6.1E-06
+462.0000E-03,-12.8644E-03,1,+6.1E-06
+462.2500E-03,-12.8644E-03,1,+6.1E-06
+462.5000E-03,-12.8644E-03,1,+6.1E-06
+462.7500E-03,+3.2685426E+00,1,+6.1E-06
+463.0000E-03,-7.8392E-03,1,+6.1E-06
+463.2500E-03,-12.8644E-03,1,+6.1E-06
+463.5000E-03,+12.2613E-03,1,+6.1E-06
+463.7500E-03,+12.2613E-03,1,+6.1E-06
+464.0000E-03,-7.8392E-03,1,+6.1E-06
+464.2500E-03,+27.3367E-03,1,+6.1E-06
+464.5000E-03,-12.8644E-03,1,+6.1E-06
+464.7500E-03,+12.2613E-03,1,+6.1E-06
+465.0000E-03,+3.2434170E+00,1,+6.1E-06
+465.2500E-03,-12.8644E-03,1,+6.1E-06
+465.5000E-03,+27.3367E-03,1,+6.1E-06
+465.7500E-03,+12.2613E-03,1,+6.1E-06
+466.0000E-03,+27.3367E-03,1,+6.1E-06
+466.2500E-03,+22.3115E-03,1,+6.1E-06
+466.5000E-03,+27.3367E-03,1,+6.1E-06
+466.7500E-03,+12.2613E-03,1,+6.1E-06
+467.0000E-03,+22.3115E-03,1,+6.1E-06
+467.2500E-03,-7.8392E-03,1,+6.1E-06
+467.5000E-03,-12.8644E-03,1,+6.1E-06
+467.7500E-03,+2.2110E-03,1,+6.1E-06
+468.0000E-03,+27.3367E-03,1,+6.1E-06
+468.2500E-03,+3.2434170E+00,1,+6.1E-06
+468.5000E-03,+27.3367E-03,1,+6.1E-06
+468.7500E-03,+12.2613E-03,1,+6.1E-06
+469.0000E-03,+22.3115E-03,1,+6.1E-06
+469.2500E-03,+22.3115E-03,1,+6.1E-06
+469.5000E-03,-2.8141E-03,1,+6.1E-06
+469.7500E-03,+12.2613E-03,1,+6.1E-06
+470.0000E-03,+22.3115E-03,1,+6.1E-06
+470.2500E-03,+27.3367E-03,1,+6.1E-06
+470.5000E-03,+3.2434170E+00,1,+6.1E-06
+470.7500E-03,+12.2613E-03,1,+6.1E-06
+471.0000E-03,+203.2161E-03,1,+6.1E-06
+471.2500E-03,-12.8644E-03,1,+6.1E-06
+471.5000E-03,+12.2613E-03,1,+6.1E-06
+471.7500E-03,-12.8644E-03,1,+6.1E-06
+472.0000E-03,-7.8392E-03,1,+6.1E-06
+472.2500E-03,+22.3115E-03,1,+6.1E-06
+472.5000E-03,+27.3367E-03,1,+6.1E-06
+472.7500E-03,+3.2182914E+00,1,+6.1E-06
+473.0000E-03,+22.3115E-03,1,+6.1E-06
+473.2500E-03,+22.3115E-03,1,+6.1E-06
+473.5000E-03,-12.8644E-03,1,+6.1E-06
+473.7500E-03,-12.8644E-03,1,+6.1E-06
+474.0000E-03,-12.8644E-03,1,+6.1E-06
+474.2500E-03,-12.8644E-03,1,+6.1E-06
+474.5000E-03,+12.2613E-03,1,+6.1E-06
+474.7500E-03,+12.2613E-03,1,+6.1E-06
+475.0000E-03,+570.0502E-03,1,+6.1E-06
+475.2500E-03,-12.8644E-03,1,+6.1E-06
+475.5000E-03,+12.2613E-03,1,+6.1E-06
+475.7500E-03,+27.3367E-03,1,+6.1E-06
+476.0000E-03,+3.2383919E+00,1,+6.1E-06
+476.2500E-03,-7.8392E-03,1,+6.1E-06
+476.5000E-03,+2.2110E-03,1,+6.1E-06
+476.7500E-03,-12.8644E-03,1,+6.1E-06
+477.0000E-03,-12.8644E-03,1,+6.1E-06
+477.2500E-03,-12.8644E-03,1,+6.1E-06
+477.5000E-03,-12.8644E-03,1,+6.1E-06
+477.7500E-03,+12.2613E-03,1,+6.1E-06
+478.0000E-03,+22.3115E-03,1,+6.1E-06
+478.2500E-03,+3.2785929E+00,1,+6.1E-06
+478.5000E-03,+27.3367E-03,1,+6.1E-06
+478.7500E-03,+2.2110E-03,1,+6.1E-06
+479.0000E-03,-12.8644E-03,1,+6.1E-06
+479.2500E-03,+27.3367E-03,1,+6.1E-06
+479.5000E-03,-37.9900E-03,1,+6.1E-06
+479.7500E-03,+12.2613E-03,1,+6.1E-06
+480.0000E-03,-17.8895E-03,1,+6.1E-06
+480.2500E-03,+22.3115E-03,1,+6.1E-06
+480.5000E-03,+3.1780904E+00,1,+6.1E-06
+480.7500E-03,+2.2110E-03,1,+6.1E-06
+481.0000E-03,+27.3367E-03,1,+6.1E-06
+481.2500E-03,-7.8392E-03,1,+6.1E-06
+481.5000E-03,-12.8644E-03,1,+6.1E-06
+481.7500E-03,+2.2110E-03,1,+6.1E-06
+482.0000E-03,-83.2161E-03,1,+6.1E-06
+482.2500E-03,-12.8644E-03,1,+6.1E-06
+482.5000E-03,-37.9900E-03,1,+6.1E-06
+482.7500E-03,+3.2434170E+00,1,+6.1E-06
+483.0000E-03,+22.3115E-03,1,+6.1E-06
+483.2500E-03,+22.3115E-03,1,+6.1E-06
+483.5000E-03,-12.8644E-03,1,+6.1E-06
+483.7500E-03,+3.2434170E+00,1,+6.1E-06
+484.0000E-03,-12.8644E-03,1,+6.1E-06
+484.2500E-03,+22.3115E-03,1,+6.1E-06
+484.5000E-03,+12.2613E-03,1,+6.1E-06
+484.7500E-03,-12.8644E-03,1,+6.1E-06
+485.0000E-03,-7.8392E-03,1,+6.1E-06
+485.2500E-03,-7.8392E-03,1,+6.1E-06
+485.5000E-03,-27.9397E-03,1,+6.1E-06
+485.7500E-03,-12.8644E-03,1,+6.1E-06
+486.0000E-03,+3.2032160E+00,1,+6.1E-06
+486.2500E-03,-7.8392E-03,1,+6.1E-06
+486.5000E-03,-12.8644E-03,1,+6.1E-06
+486.7500E-03,+12.2613E-03,1,+6.1E-06
+487.0000E-03,-12.8644E-03,1,+6.1E-06
+487.2500E-03,-12.8644E-03,1,+6.1E-06
+487.5000E-03,-12.8644E-03,1,+6.1E-06
+487.7500E-03,-12.8644E-03,1,+6.1E-06
+488.0000E-03,-12.8644E-03,1,+6.1E-06
+488.2500E-03,+3.2484421E+00,1,+6.1E-06
+488.5000E-03,-12.8644E-03,1,+6.1E-06
+488.7500E-03,+12.2613E-03,1,+6.1E-06
+489.0000E-03,-7.8392E-03,1,+6.1E-06
+489.2500E-03,+1.0876382E+00,1,+6.1E-06
+489.5000E-03,+12.2613E-03,1,+6.1E-06
+489.7500E-03,+42.4120E-03,1,+6.1E-06
+490.0000E-03,-12.8644E-03,1,+6.1E-06
+490.2500E-03,-7.8392E-03,1,+6.1E-06
+490.5000E-03,+3.2434170E+00,1,+6.1E-06
+490.7500E-03,,1,
